model,repeat,fold,n_test,prevalence,auc,pr_auc,balanced_accuracy,sensitivity,specificity
structural,0,0,17,0.4117647058823529,0.7571428571428571,0.7912087912087911,0.5,0.0,1.0
functional,0,0,17,0.4117647058823529,0.6428571428571428,0.6509379509379509,0.6071428571428572,0.7142857142857143,0.5
early_fusion,0,0,17,0.4117647058823529,0.6428571428571428,0.6509379509379509,0.6071428571428572,0.7142857142857143,0.5
equal_weight,0,0,17,0.4117647058823529,0.7428571428571428,0.7912157287157287,0.6785714285714286,0.8571428571428571,0.5
mkl,0,0,17,0.4117647058823529,0.7,0.6888888888888889,0.6071428571428572,0.7142857142857143,0.5
stacking,0,0,17,0.4117647058823529,0.7428571428571429,0.7086691086691086,0.5,0.0,1.0
confounds_only,0,0,17,0.4117647058823529,0.3142857142857143,0.3465469171351524,0.4214285714285714,0.14285714285714285,0.7
structural,0,1,17,0.35294117647058826,0.5757575757575757,0.6034632034632035,0.5303030303030303,0.3333333333333333,0.7272727272727273
functional,0,1,17,0.35294117647058826,0.7121212121212122,0.68508806008806,0.5681818181818181,0.5,0.6363636363636364
early_fusion,0,1,17,0.35294117647058826,0.6666666666666666,0.6158119658119658,0.5681818181818181,0.5,0.6363636363636364
equal_weight,0,1,17,0.35294117647058826,0.6060606060606061,0.5601851851851851,0.48484848484848486,0.3333333333333333,0.6363636363636364
mkl,0,1,17,0.35294117647058826,0.6363636363636364,0.49262774262774267,0.6212121212121212,0.3333333333333333,0.9090909090909091
stacking,0,1,17,0.35294117647058826,0.6515151515151515,0.574963924963925,0.5227272727272727,0.5,0.5454545454545454
confounds_only,0,1,17,0.35294117647058826,0.6212121212121212,0.5799755799755799,0.553030303030303,0.8333333333333334,0.2727272727272727
structural,0,2,16,0.375,0.75,0.6570818070818071,0.6666666666666667,0.8333333333333334,0.5
functional,0,2,16,0.375,0.6166666666666667,0.6339285714285714,0.4666666666666667,0.3333333333333333,0.6
early_fusion,0,2,16,0.375,0.6666666666666667,0.6875,0.6333333333333333,0.6666666666666666,0.6
equal_weight,0,2,16,0.375,0.5666666666666667,0.4998015873015873,0.43333333333333335,0.6666666666666666,0.2
mkl,0,2,16,0.375,0.6166666666666667,0.6339285714285714,0.4666666666666667,0.3333333333333333,0.6
stacking,0,2,16,0.375,0.6166666666666667,0.6339285714285714,0.6166666666666667,0.8333333333333334,0.4
confounds_only,0,2,16,0.375,0.3166666666666667,0.3177489177489178,0.4,0.0,0.8
structural,0,3,16,0.375,0.6666666666666667,0.6875,0.6166666666666667,0.8333333333333334,0.4
functional,0,3,16,0.375,0.7833333333333333,0.7013888888888888,0.7,1.0,0.4
early_fusion,0,3,16,0.375,0.8,0.7468253968253968,0.7666666666666666,0.8333333333333334,0.7
equal_weight,0,3,16,0.375,0.8333333333333333,0.8208333333333333,0.6166666666666667,0.8333333333333334,0.4
mkl,0,3,16,0.375,0.8166666666666667,0.7791666666666667,0.65,1.0,0.3
stacking,0,3,16,0.375,0.7833333333333333,0.7013888888888888,0.7666666666666666,0.8333333333333334,0.7
confounds_only,0,3,16,0.375,0.5,0.47619047619047616,0.55,1.0,0.1
structural,0,4,16,0.375,0.7333333333333333,0.8027777777777778,0.7333333333333334,0.6666666666666666,0.8
functional,0,4,16,0.375,0.7166666666666667,0.5722222222222222,0.65,0.5,0.8
early_fusion,0,4,16,0.375,0.7166666666666667,0.5722222222222222,0.65,0.5,0.8
equal_weight,0,4,16,0.375,0.7333333333333333,0.6370370370370371,0.7333333333333334,0.6666666666666666,0.8
mkl,0,4,16,0.375,0.7,0.6332722832722832,0.65,1.0,0.3
stacking,0,4,16,0.375,0.7166666666666667,0.5722222222222222,0.5666666666666667,0.3333333333333333,0.8
confounds_only,0,4,16,0.375,0.6,0.45390720390720396,0.5,1.0,0.0
structural,1,0,17,0.4117647058823529,0.7428571428571429,0.7639455782312925,0.5,0.0,1.0
functional,1,0,17,0.4117647058823529,0.5285714285714286,0.46355311355311357,0.5357142857142857,0.5714285714285714,0.5
early_fusion,1,0,17,0.4117647058823529,0.5857142857142856,0.5172636886922601,0.5357142857142857,0.5714285714285714,0.5
equal_weight,1,0,17,0.4117647058823529,0.7571428571428571,0.6554945054945055,0.7571428571428571,0.7142857142857143,0.8
mkl,1,0,17,0.4117647058823529,0.5571428571428572,0.4684283969998255,0.5571428571428572,0.7142857142857143,0.4
stacking,1,0,17,0.4117647058823529,0.7,0.6317460317460317,0.5,0.0,1.0
confounds_only,1,0,17,0.4117647058823529,0.48571428571428577,0.47432469491293017,0.47857142857142854,0.8571428571428571,0.1
structural,1,1,17,0.35294117647058826,0.5909090909090909,0.5111161986161986,0.5,0.0,1.0
functional,1,1,17,0.35294117647058826,0.5151515151515151,0.497183317771553,0.5681818181818181,0.5,0.6363636363636364
early_fusion,1,1,17,0.35294117647058826,0.5303030303030303,0.509088079676315,0.6136363636363636,0.5,0.7272727272727273
equal_weight,1,1,17,0.35294117647058826,0.5454545454545454,0.4205026455026455,0.49242424242424243,0.16666666666666666,0.8181818181818182
mkl,1,1,17,0.35294117647058826,0.6060606060606061,0.44633144633144634,0.5,0.0,1.0
stacking,1,1,17,0.35294117647058826,0.5757575757575757,0.5345811051693404,0.5757575757575758,0.3333333333333333,0.8181818181818182
confounds_only,1,1,17,0.35294117647058826,0.34848484848484845,0.30842490842490844,0.45454545454545453,0.0,0.9090909090909091
structural,1,2,16,0.375,0.5,0.5083333333333333,0.41666666666666663,0.3333333333333333,0.5
functional,1,2,16,0.375,0.6833333333333333,0.6576109076109076,0.6666666666666667,0.8333333333333334,0.5
early_fusion,1,2,16,0.375,0.5666666666666667,0.4761904761904762,0.4666666666666667,0.8333333333333334,0.1
equal_weight,1,2,16,0.375,0.55,0.514911014911015,0.5333333333333333,0.6666666666666666,0.4
mkl,1,2,16,0.375,0.4833333333333334,0.49166666666666664,0.45,0.5,0.4
stacking,1,2,16,0.375,0.6833333333333333,0.6576109076109076,0.6666666666666667,0.8333333333333334,0.5
confounds_only,1,2,16,0.375,0.2666666666666666,0.30261266511266516,0.4666666666666667,0.8333333333333334,0.1
structural,1,3,16,0.375,0.7166666666666667,0.7694444444444444,0.7333333333333334,0.6666666666666666,0.8
functional,1,3,16,0.375,0.75,0.660515873015873,0.7,1.0,0.4
early_fusion,1,3,16,0.375,0.7666666666666666,0.6680916305916306,0.75,1.0,0.5
equal_weight,1,3,16,0.375,0.7666666666666666,0.7255341880341881,0.7166666666666667,0.8333333333333334,0.6
mkl,1,3,16,0.375,0.7833333333333333,0.7319444444444444,0.7166666666666667,0.8333333333333334,0.6
stacking,1,3,16,0.375,0.21666666666666662,0.2940656565656566,0.5,0.0,1.0
confounds_only,1,3,16,0.375,0.5333333333333333,0.43075905575905576,0.5333333333333333,0.6666666666666666,0.4
structural,1,4,16,0.375,0.6,0.5360750360750361,0.6166666666666667,0.8333333333333334,0.4
functional,1,4,16,0.375,0.8666666666666667,0.8555555555555555,0.7666666666666666,0.8333333333333334,0.7
early_fusion,1,4,16,0.375,0.9833333333333334,0.9761904761904762,0.9166666666666667,0.8333333333333334,1.0
equal_weight,1,4,16,0.375,0.8666666666666667,0.8432900432900432,0.75,1.0,0.5
mkl,1,4,16,0.375,0.8833333333333333,0.8766233766233766,0.7333333333333334,0.6666666666666666,0.8
stacking,1,4,16,0.375,0.8666666666666667,0.8432900432900432,0.6666666666666667,0.8333333333333334,0.5
confounds_only,1,4,16,0.375,0.3166666666666667,0.31616161616161614,0.4833333333333333,0.6666666666666666,0.3
structural,2,0,17,0.4117647058823529,0.44285714285714284,0.3887489494632352,0.3,0.0,0.6
functional,2,0,17,0.4117647058823529,0.5285714285714286,0.6081432573029211,0.4857142857142857,0.5714285714285714,0.4
early_fusion,2,0,17,0.4117647058823529,0.48571428571428565,0.5790747068057992,0.4571428571428572,0.7142857142857143,0.2
equal_weight,2,0,17,0.4117647058823529,0.3142857142857143,0.4414896727921938,0.5,0.0,1.0
mkl,2,0,17,0.4117647058823529,0.3714285714285714,0.4625781081663434,0.5,0.0,1.0
stacking,2,0,17,0.4117647058823529,0.41428571428571426,0.4057953950811094,0.4571428571428572,0.7142857142857143,0.2
confounds_only,2,0,17,0.4117647058823529,0.37142857142857144,0.3611721611721612,0.5,0.0,1.0
structural,2,1,17,0.35294117647058826,0.6363636363636364,0.536075036075036,0.5,0.0,1.0
functional,2,1,17,0.35294117647058826,0.6363636363636364,0.5424242424242424,0.6136363636363636,0.5,0.7272727272727273
early_fusion,2,1,17,0.35294117647058826,0.6363636363636364,0.5424242424242424,0.6136363636363636,0.5,0.7272727272727273
equal_weight,2,1,17,0.35294117647058826,0.6666666666666667,0.5137917637917638,0.5681818181818181,0.5,0.6363636363636364
mkl,2,1,17,0.35294117647058826,0.6363636363636364,0.5424242424242424,0.6136363636363636,0.5,0.7272727272727273
stacking,2,1,17,0.35294117647058826,0.696969696969697,0.5351851851851852,0.6136363636363636,0.5,0.7272727272727273
confounds_only,2,1,17,0.35294117647058826,0.3939393939393939,0.32422161172161174,0.4772727272727273,0.5,0.45454545454545453
structural,2,2,16,0.375,0.5499999999999999,0.6095238095238096,0.55,0.5,0.6
functional,2,2,16,0.375,0.9833333333333334,0.9761904761904762,0.5,1.0,0.0
early_fusion,2,2,16,0.375,0.9833333333333334,0.9761904761904762,0.5,1.0,0.0
equal_weight,2,2,16,0.375,0.6166666666666667,0.628968253968254,0.5333333333333333,0.6666666666666666,0.4
mkl,2,2,16,0.375,0.6,0.6257575757575757,0.5,0.5,0.5
stacking,2,2,16,0.375,0.5499999999999999,0.6095238095238096,0.5666666666666667,0.3333333333333333,0.8
confounds_only,2,2,16,0.375,0.6166666666666667,0.6424242424242425,0.55,1.0,0.1
structural,2,3,16,0.375,0.8833333333333333,0.8766233766233766,0.65,1.0,0.3
functional,2,3,16,0.375,0.8,0.7461640211640211,0.6833333333333333,0.6666666666666666,0.7
early_fusion,2,3,16,0.375,0.8166666666666667,0.762037037037037,0.6833333333333333,0.6666666666666666,0.7
equal_weight,2,3,16,0.375,0.9,0.8357142857142856,0.8,1.0,0.6
mkl,2,3,16,0.375,0.8,0.7461640211640211,0.6833333333333333,0.6666666666666666,0.7
stacking,2,3,16,0.375,0.09999999999999998,0.26285612535612535,0.5,1.0,0.0
confounds_only,2,3,16,0.375,0.8,0.7787397787397787,0.7166666666666667,0.8333333333333334,0.6
structural,2,4,16,0.375,0.7166666666666667,0.6742424242424242,0.5666666666666667,0.3333333333333333,0.8
functional,2,4,16,0.375,0.6666666666666666,0.6590909090909091,0.6166666666666667,0.3333333333333333,0.9
early_fusion,2,4,16,0.375,0.6666666666666666,0.6590909090909091,0.6166666666666667,0.3333333333333333,0.9
equal_weight,2,4,16,0.375,0.7833333333333333,0.7867063492063492,0.7333333333333334,0.6666666666666666,0.8
mkl,2,4,16,0.375,0.8,0.8015873015873016,0.7,0.5,0.9
stacking,2,4,16,0.375,0.75,0.7297008547008546,0.7,0.5,0.9
confounds_only,2,4,16,0.375,0.41666666666666663,0.504978354978355,0.35,0.5,0.2
structural,3,0,17,0.4117647058823529,0.5285714285714286,0.6243770235366874,0.6142857142857143,0.42857142857142855,0.8
functional,3,0,17,0.4117647058823529,0.6857142857142857,0.7167277167277166,0.5642857142857143,0.42857142857142855,0.7
early_fusion,3,0,17,0.4117647058823529,0.6857142857142857,0.7221698935984651,0.6142857142857143,0.42857142857142855,0.8
equal_weight,3,0,17,0.4117647058823529,0.5285714285714286,0.581952781112445,0.5,0.0,1.0
mkl,3,0,17,0.4117647058823529,0.6857142857142856,0.7647977022977022,0.6857142857142857,0.5714285714285714,0.8
stacking,3,0,17,0.4117647058823529,0.6571428571428571,0.7315166975881262,0.5571428571428572,0.7142857142857143,0.4
confounds_only,3,0,17,0.4117647058823529,0.4571428571428572,0.5066249226963513,0.40714285714285714,0.7142857142857143,0.1
structural,3,1,17,0.35294117647058826,0.6212121212121212,0.5607193732193733,0.5,0.0,1.0
functional,3,1,17,0.35294117647058826,0.6363636363636364,0.6289983164983165,0.5303030303030303,0.3333333333333333,0.7272727272727273
early_fusion,3,1,17,0.35294117647058826,0.6363636363636364,0.6289983164983165,0.5757575757575758,0.3333333333333333,0.8181818181818182
equal_weight,3,1,17,0.35294117647058826,0.5606060606060606,0.41516076516076517,0.5606060606060606,0.6666666666666666,0.45454545454545453
mkl,3,1,17,0.35294117647058826,0.6818181818181819,0.48188339438339434,0.49242424242424243,0.16666666666666666,0.8181818181818182
stacking,3,1,17,0.35294117647058826,0.7424242424242424,0.6971250971250971,0.5757575757575758,0.3333333333333333,0.8181818181818182
confounds_only,3,1,17,0.35294117647058826,0.7121212121212122,0.5936507936507935,0.5984848484848485,0.8333333333333334,0.36363636363636365
structural,3,2,16,0.375,0.7,0.6757575757575758,0.6,0.5,0.7
functional,3,2,16,0.375,0.65,0.6221250971250971,0.6,0.5,0.7
early_fusion,3,2,16,0.375,0.6666666666666667,0.6285353535353535,0.6,0.5,0.7
equal_weight,3,2,16,0.375,0.8833333333333333,0.8766233766233766,0.8333333333333333,0.6666666666666666,1.0
mkl,3,2,16,0.375,0.7666666666666666,0.736111111111111,0.6833333333333333,0.6666666666666666,0.7
stacking,3,2,16,0.375,0.7166666666666667,0.6571067821067821,0.6,0.5,0.7
confounds_only,3,2,16,0.375,0.36666666666666664,0.37151875901875897,0.4833333333333333,0.6666666666666666,0.3
structural,3,3,16,0.375,0.5666666666666667,0.5601851851851851,0.5,0.5,0.5
functional,3,3,16,0.375,0.65,0.49259259259259264,0.65,1.0,0.3
early_fusion,3,3,16,0.375,0.6166666666666667,0.4555555555555556,0.65,1.0,0.3
equal_weight,3,3,16,0.375,0.5333333333333333,0.4315776815776816,0.6166666666666667,0.8333333333333334,0.4
mkl,3,3,16,0.375,0.5666666666666667,0.4297619047619048,0.6166666666666667,0.8333333333333334,0.4
stacking,3,3,16,0.375,0.65,0.49259259259259264,0.7,1.0,0.4
confounds_only,3,3,16,0.375,0.1333333333333333,0.2690850815850816,0.13333333333333333,0.16666666666666666,0.1
structural,3,4,16,0.375,0.7666666666666666,0.813034188034188,0.4833333333333333,0.6666666666666666,0.3
functional,3,4,16,0.375,0.6,0.60497557997558,0.5,1.0,0.0
early_fusion,3,4,16,0.375,0.6,0.60497557997558,0.5,1.0,0.0
equal_weight,3,4,16,0.375,0.7333333333333334,0.6929945054945055,0.55,1.0,0.1
mkl,3,4,16,0.375,0.7833333333333333,0.8193473193473193,0.5666666666666667,0.8333333333333334,0.3
stacking,3,4,16,0.375,0.21666666666666665,0.3013583638583639,0.5,1.0,0.0
confounds_only,3,4,16,0.375,0.3833333333333333,0.3652777777777778,0.35,0.0,0.7
structural,4,0,17,0.4117647058823529,0.8428571428571429,0.8392857142857142,0.5,0.0,1.0
functional,4,0,17,0.4117647058823529,0.6857142857142857,0.6709510727367869,0.5571428571428572,0.7142857142857143,0.4
early_fusion,4,0,17,0.4117647058823529,0.6714285714285714,0.6495225013082155,0.5571428571428572,0.7142857142857143,0.4
equal_weight,4,0,17,0.4117647058823529,0.6142857142857143,0.6421768707482993,0.6071428571428572,0.7142857142857143,0.5
mkl,4,0,17,0.4117647058823529,0.7142857142857143,0.6798796441653585,0.5571428571428572,0.7142857142857143,0.4
stacking,4,0,17,0.4117647058823529,0.6714285714285714,0.6495225013082155,0.5,0.0,1.0
confounds_only,4,0,17,0.4117647058823529,0.32857142857142857,0.40491196478591435,0.45,0.0,0.9
structural,4,1,17,0.35294117647058826,0.6515151515151515,0.6225880600880601,0.6666666666666666,0.3333333333333333,1.0
functional,4,1,17,0.35294117647058826,0.6363636363636364,0.6146464646464647,0.5757575757575758,0.3333333333333333,0.8181818181818182
early_fusion,4,1,17,0.35294117647058826,0.6363636363636364,0.5685536685536686,0.5757575757575758,0.3333333333333333,0.8181818181818182
equal_weight,4,1,17,0.35294117647058826,0.6666666666666666,0.5232804232804232,0.6212121212121212,0.3333333333333333,0.9090909090909091
mkl,4,1,17,0.35294117647058826,0.6363636363636364,0.6146464646464647,0.5757575757575758,0.3333333333333333,0.8181818181818182
stacking,4,1,17,0.35294117647058826,0.7575757575757576,0.6952380952380952,0.606060606060606,0.6666666666666666,0.5454545454545454
confounds_only,4,1,17,0.35294117647058826,0.46969696969696967,0.3541958041958042,0.5,0.0,1.0
structural,4,2,16,0.375,0.6,0.6212602212602212,0.5666666666666667,0.3333333333333333,0.8
functional,4,2,16,0.375,0.6499999999999999,0.5604858104858105,0.55,0.5,0.6
early_fusion,4,2,16,0.375,0.5,0.4294705294705295,0.55,1.0,0.1
equal_weight,4,2,16,0.375,0.65,0.5666666666666667,0.6,0.5,0.7
mkl,4,2,16,0.375,0.6166666666666666,0.5592592592592593,0.5166666666666666,0.3333333333333333,0.7
stacking,4,2,16,0.375,0.7333333333333334,0.6160714285714286,0.5166666666666666,0.3333333333333333,0.7
confounds_only,4,2,16,0.375,0.7833333333333333,0.7763278388278388,0.5,0.0,1.0
structural,4,3,16,0.375,0.7666666666666666,0.813034188034188,0.5,0.0,1.0
functional,4,3,16,0.375,0.6333333333333333,0.6085470085470085,0.6833333333333333,0.6666666666666666,0.7
early_fusion,4,3,16,0.375,0.6666666666666666,0.6193833943833943,0.6833333333333333,0.6666666666666666,0.7
equal_weight,4,3,16,0.375,0.8166666666666667,0.8361823361823362,0.7166666666666667,0.8333333333333334,0.6
mkl,4,3,16,0.375,0.6333333333333333,0.6085470085470085,0.6833333333333333,0.6666666666666666,0.7
stacking,4,3,16,0.375,0.6333333333333333,0.6085470085470085,0.6,0.5,0.7
confounds_only,4,3,16,0.375,0.4666666666666666,0.40496031746031746,0.4166666666666667,0.8333333333333334,0.0
structural,4,4,16,0.375,0.35,0.4418983793983794,0.3833333333333333,0.16666666666666666,0.6
functional,4,4,16,0.375,0.55,0.5177960927960928,0.4666666666666667,0.3333333333333333,0.6
early_fusion,4,4,16,0.375,0.5666666666666667,0.5252035002035003,0.5,0.5,0.5
equal_weight,4,4,16,0.375,0.55,0.5199074074074074,0.5166666666666667,0.8333333333333334,0.2
mkl,4,4,16,0.375,0.5666666666666667,0.6096861471861472,0.55,0.5,0.6
stacking,4,4,16,0.375,0.5666666666666667,0.5456649831649831,0.55,0.5,0.6
confounds_only,4,4,16,0.375,0.4,0.43154761904761907,0.4166666666666667,0.8333333333333334,0.0
structural,5,0,17,0.4117647058823529,0.5571428571428572,0.565842094413523,0.5,0.0,1.0
functional,5,0,17,0.4117647058823529,0.8142857142857143,0.8683473389355743,0.5714285714285714,0.14285714285714285,1.0
early_fusion,5,0,17,0.4117647058823529,0.8142857142857143,0.8625,0.5714285714285714,0.14285714285714285,1.0
equal_weight,5,0,17,0.4117647058823529,0.6571428571428571,0.6520622234907949,0.5,0.0,1.0
mkl,5,0,17,0.4117647058823529,0.8142857142857143,0.7980115122972264,0.6428571428571428,0.2857142857142857,1.0
stacking,5,0,17,0.4117647058823529,0.7714285714285714,0.8001443001443,0.5,0.0,1.0
confounds_only,5,0,17,0.4117647058823529,0.41428571428571426,0.5509639170353456,0.4571428571428572,0.7142857142857143,0.2
structural,5,1,17,0.35294117647058826,0.8939393939393939,0.8766233766233765,0.5833333333333334,0.16666666666666666,1.0
functional,5,1,17,0.35294117647058826,0.6363636363636362,0.5992063492063492,0.6515151515151515,0.6666666666666666,0.6363636363636364
early_fusion,5,1,17,0.35294117647058826,0.6818181818181818,0.6446581196581196,0.696969696969697,0.6666666666666666,0.7272727272727273
equal_weight,5,1,17,0.35294117647058826,0.803030303030303,0.7935897435897435,0.606060606060606,0.6666666666666666,0.5454545454545454
mkl,5,1,17,0.35294117647058826,0.7121212121212122,0.6547619047619048,0.7424242424242424,0.6666666666666666,0.8181818181818182
stacking,5,1,17,0.35294117647058826,0.6818181818181818,0.6446581196581196,0.6515151515151515,0.6666666666666666,0.6363636363636364
confounds_only,5,1,17,0.35294117647058826,0.6363636363636364,0.5696479446479447,0.6363636363636364,1.0,0.2727272727272727
structural,5,2,16,0.375,0.7833333333333333,0.7668350168350169,0.7,1.0,0.4
functional,5,2,16,0.375,0.4666666666666666,0.43174603174603177,0.55,0.5,0.6
early_fusion,5,2,16,0.375,0.49999999999999994,0.46410256410256406,0.55,0.5,0.6
equal_weight,5,2,16,0.375,0.7666666666666667,0.7819444444444444,0.75,0.5,1.0
mkl,5,2,16,0.375,0.7666666666666667,0.7819444444444444,0.75,0.5,1.0
stacking,5,2,16,0.375,0.4666666666666666,0.43174603174603177,0.6,0.5,0.7
confounds_only,5,2,16,0.375,0.6,0.6146464646464647,0.6166666666666667,0.8333333333333334,0.4
structural,5,3,16,0.375,0.5333333333333332,0.6053571428571429,0.5,0.5,0.5
functional,5,3,16,0.375,0.7,0.6044973544973544,0.7166666666666667,0.8333333333333334,0.6
early_fusion,5,3,16,0.375,0.6833333333333333,0.5878306878306878,0.7166666666666667,0.8333333333333334,0.6
equal_weight,5,3,16,0.375,0.6166666666666667,0.7053571428571428,0.65,0.5,0.8
mkl,5,3,16,0.375,0.7,0.6044973544973544,0.7166666666666667,0.8333333333333334,0.6
stacking,5,3,16,0.375,0.7,0.6044973544973544,0.7166666666666667,0.8333333333333334,0.6
confounds_only,5,3,16,0.375,0.5666666666666667,0.4538359788359788,0.4,0.0,0.8
structural,5,4,16,0.375,0.7333333333333334,0.7126623376623377,0.7,1.0,0.4
functional,5,4,16,0.375,0.7166666666666666,0.6971250971250971,0.5666666666666667,0.8333333333333334,0.3
early_fusion,5,4,16,0.375,0.7166666666666666,0.6971250971250971,0.5666666666666667,0.8333333333333334,0.3
equal_weight,5,4,16,0.375,0.7333333333333333,0.6741452991452991,0.6666666666666667,0.8333333333333334,0.5
mkl,5,4,16,0.375,0.7666666666666667,0.7056267806267806,0.6166666666666667,0.8333333333333334,0.4
stacking,5,4,16,0.375,0.7166666666666666,0.6971250971250971,0.5666666666666667,0.8333333333333334,0.3
confounds_only,5,4,16,0.375,0.6000000000000001,0.501984126984127,0.45,0.0,0.9
structural,6,0,17,0.4117647058823529,0.8285714285714285,0.8274170274170274,0.5,0.0,1.0
functional,6,0,17,0.4117647058823529,0.7,0.7299912389198102,0.5642857142857143,0.42857142857142855,0.7
early_fusion,6,0,17,0.4117647058823529,0.7,0.7299912389198102,0.5857142857142856,0.5714285714285714,0.6
equal_weight,6,0,17,0.4117647058823529,0.7571428571428571,0.7988095238095239,0.6357142857142857,0.5714285714285714,0.7
mkl,6,0,17,0.4117647058823529,0.7571428571428571,0.7988095238095239,0.6357142857142857,0.5714285714285714,0.7
stacking,6,0,17,0.4117647058823529,0.8,0.7996598639455781,0.5,0.0,1.0
confounds_only,6,0,17,0.4117647058823529,0.3285714285714285,0.355945455105119,0.5,0.0,1.0
structural,6,1,17,0.35294117647058826,0.7121212121212122,0.6576109076109076,0.5,0.0,1.0
functional,6,1,17,0.35294117647058826,0.5151515151515151,0.5201298701298701,0.5151515151515151,0.6666666666666666,0.36363636363636365
early_fusion,6,1,17,0.35294117647058826,0.5454545454545454,0.536002886002886,0.5151515151515151,0.6666666666666666,0.36363636363636365
equal_weight,6,1,17,0.35294117647058826,0.6060606060606061,0.49928774928774927,0.5227272727272727,0.5,0.5454545454545454
mkl,6,1,17,0.35294117647058826,0.5606060606060606,0.43632478632478633,0.6590909090909092,0.5,0.8181818181818182
stacking,6,1,17,0.35294117647058826,0.606060606060606,0.5595238095238095,0.6136363636363636,0.5,0.7272727272727273
confounds_only,6,1,17,0.35294117647058826,0.5757575757575757,0.44691876750700277,0.5,0.0,1.0
structural,6,2,16,0.375,0.4666666666666667,0.5031746031746032,0.43333333333333335,0.6666666666666666,0.2
functional,6,2,16,0.375,0.9166666666666666,0.8833333333333334,0.65,1.0,0.3
early_fusion,6,2,16,0.375,0.9166666666666666,0.8833333333333334,0.7,1.0,0.4
equal_weight,6,2,16,0.375,0.65,0.5899470899470899,0.4666666666666667,0.3333333333333333,0.6
mkl,6,2,16,0.375,0.65,0.5899470899470899,0.4666666666666667,0.3333333333333333,0.6
stacking,6,2,16,0.375,0.9166666666666666,0.8833333333333334,0.8,1.0,0.6
confounds_only,6,2,16,0.375,0.6,0.4676638176638177,0.4333333333333333,0.16666666666666666,0.7
structural,6,3,16,0.375,0.65,0.6545935545935546,0.6666666666666666,0.3333333333333333,1.0
functional,6,3,16,0.375,0.8500000000000001,0.7659090909090909,0.5333333333333333,0.16666666666666666,0.9
early_fusion,6,3,16,0.375,0.8500000000000001,0.7659090909090909,0.6166666666666667,0.3333333333333333,0.9
equal_weight,6,3,16,0.375,0.6833333333333333,0.68508806008806,0.6666666666666666,0.3333333333333333,1.0
mkl,6,3,16,0.375,0.7166666666666667,0.7343304843304843,0.5833333333333333,0.6666666666666666,0.5
stacking,6,3,16,0.375,0.7333333333333334,0.7138278388278387,0.6666666666666666,0.3333333333333333,1.0
confounds_only,6,3,16,0.375,0.6166666666666667,0.5343915343915344,0.4833333333333333,0.6666666666666666,0.3
structural,6,4,16,0.375,0.8,0.7569444444444444,0.6166666666666667,0.8333333333333334,0.4
functional,6,4,16,0.375,0.7666666666666666,0.688131313131313,0.5,1.0,0.0
early_fusion,6,4,16,0.375,0.7666666666666666,0.688131313131313,0.5,1.0,0.0
equal_weight,6,4,16,0.375,0.8833333333333334,0.7801587301587302,0.65,1.0,0.3
mkl,6,4,16,0.375,0.9,0.8,0.65,1.0,0.3
stacking,6,4,16,0.375,0.11666666666666664,0.2668243793243793,0.5,0.0,1.0
confounds_only,6,4,16,0.375,0.4833333333333333,0.577579365079365,0.5,0.5,0.5
structural,7,0,17,0.4117647058823529,0.6000000000000001,0.6056166056166057,0.5928571428571429,0.2857142857142857,0.9
functional,7,0,17,0.4117647058823529,0.842857142857143,0.8517316017316017,0.6785714285714286,0.8571428571428571,0.5
early_fusion,7,0,17,0.4117647058823529,0.8571428571428572,0.8595238095238096,0.6785714285714286,0.8571428571428571,0.5
equal_weight,7,0,17,0.4117647058823529,0.7714285714285715,0.7877551020408162,0.5,0.0,1.0
mkl,7,0,17,0.4117647058823529,0.8285714285714285,0.8245421245421245,0.5,0.0,1.0
stacking,7,0,17,0.4117647058823529,0.8714285714285714,0.8596165739022881,0.7285714285714285,0.8571428571428571,0.6
confounds_only,7,0,17,0.4117647058823529,0.7142857142857142,0.6807779522065236,0.65,1.0,0.3
structural,7,1,17,0.35294117647058826,0.5757575757575757,0.5919705294705294,0.6666666666666666,0.3333333333333333,1.0
functional,7,1,17,0.35294117647058826,0.7272727272727273,0.7410714285714285,0.6136363636363636,0.5,0.7272727272727273
early_fusion,7,1,17,0.35294117647058826,0.7272727272727273,0.7035714285714285,0.6136363636363636,0.5,0.7272727272727273
equal_weight,7,1,17,0.35294117647058826,0.6515151515151515,0.5436507936507936,0.44696969696969696,0.16666666666666666,0.7272727272727273
mkl,7,1,17,0.35294117647058826,0.696969696969697,0.5814204314204314,0.5303030303030303,0.3333333333333333,0.7272727272727273
stacking,7,1,17,0.35294117647058826,0.6818181818181819,0.5880952380952381,0.5378787878787878,0.16666666666666666,0.9090909090909091
confounds_only,7,1,17,0.35294117647058826,0.43939393939393945,0.3528832278832279,0.5,0.0,1.0
structural,7,2,16,0.375,0.6666666666666667,0.7215909090909092,0.5833333333333333,0.6666666666666666,0.5
functional,7,2,16,0.375,0.55,0.4194083694083694,0.5333333333333333,0.6666666666666666,0.4
early_fusion,7,2,16,0.375,0.55,0.4194083694083694,0.5333333333333333,0.6666666666666666,0.4
equal_weight,7,2,16,0.375,0.6333333333333333,0.6407407407407407,0.5166666666666667,0.8333333333333334,0.2
mkl,7,2,16,0.375,0.6333333333333333,0.6335978835978835,0.55,1.0,0.1
stacking,7,2,16,0.375,0.55,0.4194083694083694,0.5,0.5,0.5
confounds_only,7,2,16,0.375,0.4666666666666667,0.4347222222222222,0.4833333333333333,0.6666666666666666,0.3
structural,7,3,16,0.375,0.7000000000000001,0.7410714285714284,0.6166666666666667,0.8333333333333334,0.4
functional,7,3,16,0.375,0.9333333333333333,0.8734126984126984,0.6166666666666667,0.3333333333333333,0.9
early_fusion,7,3,16,0.375,0.9333333333333333,0.8734126984126984,0.8,1.0,0.6
equal_weight,7,3,16,0.375,0.8333333333333333,0.7402777777777778,0.7,0.5,0.9
mkl,7,3,16,0.375,0.9166666666666666,0.8833333333333334,0.75,1.0,0.5
stacking,7,3,16,0.375,0.9333333333333333,0.8734126984126984,0.9,1.0,0.8
confounds_only,7,3,16,0.375,0.35,0.3854270729270729,0.4666666666666667,0.8333333333333334,0.1
structural,7,4,16,0.375,0.6,0.5424242424242425,0.5333333333333333,0.6666666666666666,0.4
functional,7,4,16,0.375,0.39999999999999997,0.3635975135975136,0.3666666666666667,0.3333333333333333,0.4
early_fusion,7,4,16,0.375,0.41666666666666663,0.36915306915306917,0.3666666666666667,0.3333333333333333,0.4
equal_weight,7,4,16,0.375,0.6833333333333333,0.5487734487734488,0.6333333333333333,0.6666666666666666,0.6
mkl,7,4,16,0.375,0.6666666666666667,0.5368686868686868,0.6333333333333333,0.6666666666666666,0.6
stacking,7,4,16,0.375,0.6,0.5424242424242425,0.5333333333333333,0.6666666666666666,0.4
confounds_only,7,4,16,0.375,0.7333333333333334,0.5494047619047618,0.7166666666666667,0.8333333333333334,0.6
structural,8,0,17,0.4117647058823529,0.7,0.676984126984127,0.5,0.0,1.0
functional,8,0,17,0.4117647058823529,0.7571428571428571,0.7508245722531437,0.5857142857142856,0.5714285714285714,0.6
early_fusion,8,0,17,0.4117647058823529,0.8571428571428572,0.8353741496598639,0.6857142857142857,0.5714285714285714,0.8
equal_weight,8,0,17,0.4117647058823529,0.7,0.6678571428571429,0.5,0.0,1.0
mkl,8,0,17,0.4117647058823529,0.8428571428571429,0.8404761904761904,0.6285714285714286,0.8571428571428571,0.4
stacking,8,0,17,0.4117647058823529,0.8571428571428572,0.8385281385281385,0.5,0.0,1.0
confounds_only,8,0,17,0.4117647058823529,0.5285714285714286,0.43597196454339315,0.45,0.0,0.9
structural,8,1,17,0.35294117647058826,0.6818181818181818,0.6646825396825397,0.6590909090909092,0.5,0.8181818181818182
functional,8,1,17,0.35294117647058826,0.6666666666666667,0.5805194805194805,0.606060606060606,0.6666666666666666,0.5454545454545454
early_fusion,8,1,17,0.35294117647058826,0.6818181818181818,0.6285353535353535,0.606060606060606,0.6666666666666666,0.5454545454545454
equal_weight,8,1,17,0.35294117647058826,0.6969696969696969,0.726007326007326,0.553030303030303,0.8333333333333334,0.2727272727272727
mkl,8,1,17,0.35294117647058826,0.6818181818181818,0.6748316498316498,0.5606060606060606,0.6666666666666666,0.45454545454545453
stacking,8,1,17,0.35294117647058826,0.6666666666666667,0.6192760942760943,0.606060606060606,0.6666666666666666,0.5454545454545454
confounds_only,8,1,17,0.35294117647058826,0.5757575757575758,0.5554657760540114,0.46969696969696967,0.6666666666666666,0.2727272727272727
structural,8,2,16,0.375,0.6333333333333334,0.6685185185185185,0.5166666666666667,0.8333333333333334,0.2
functional,8,2,16,0.375,0.9166666666666666,0.8968253968253967,0.7833333333333333,0.6666666666666666,0.9
early_fusion,8,2,16,0.375,0.9166666666666666,0.8968253968253967,0.7333333333333334,0.6666666666666666,0.8
equal_weight,8,2,16,0.375,0.8333333333333334,0.8074786324786325,0.8666666666666667,0.8333333333333334,0.9
mkl,8,2,16,0.375,0.6333333333333334,0.6685185185185185,0.5166666666666667,0.8333333333333334,0.2
stacking,8,2,16,0.375,0.9166666666666666,0.8968253968253967,0.8333333333333333,0.6666666666666666,1.0
confounds_only,8,2,16,0.375,0.35,0.3637820512820513,0.4,0.0,0.8
structural,8,3,16,0.375,0.8666666666666667,0.8592592592592592,0.6833333333333333,0.6666666666666666,0.7
functional,8,3,16,0.375,0.4666666666666666,0.38969780219780226,0.4833333333333333,0.6666666666666666,0.3
early_fusion,8,3,16,0.375,0.44999999999999996,0.38511904761904764,0.4833333333333333,0.6666666666666666,0.3
equal_weight,8,3,16,0.375,0.5,0.5879629629629629,0.4833333333333333,0.6666666666666666,0.3
mkl,8,3,16,0.375,0.4666666666666667,0.5736111111111111,0.4833333333333333,0.6666666666666666,0.3
stacking,8,3,16,0.375,0.4666666666666666,0.38969780219780226,0.5833333333333333,0.6666666666666666,0.5
confounds_only,8,3,16,0.375,0.38333333333333336,0.3453282828282828,0.4,0.0,0.8
structural,8,4,16,0.375,0.6333333333333333,0.6706649831649831,0.5333333333333333,0.6666666666666666,0.4
functional,8,4,16,0.375,0.85,0.8501683501683501,0.7833333333333333,0.6666666666666666,0.9
early_fusion,8,4,16,0.375,0.8666666666666667,0.8592592592592592,0.8333333333333333,0.6666666666666666,1.0
equal_weight,8,4,16,0.375,0.7666666666666666,0.7160714285714286,0.6666666666666667,0.8333333333333334,0.5
mkl,8,4,16,0.375,0.6833333333333333,0.6871693121693121,0.6166666666666667,0.8333333333333334,0.4
stacking,8,4,16,0.375,0.85,0.8501683501683501,0.75,1.0,0.5
confounds_only,8,4,16,0.375,0.6083333333333333,0.5133089133089133,0.6,1.0,0.2
structural,9,0,17,0.4117647058823529,0.5857142857142856,0.543908472479901,0.5,0.0,1.0
functional,9,0,17,0.4117647058823529,0.6142857142857143,0.5691609977324263,0.4714285714285714,0.14285714285714285,0.8
early_fusion,9,0,17,0.4117647058823529,0.6142857142857143,0.5032269317983603,0.4714285714285714,0.14285714285714285,0.8
equal_weight,9,0,17,0.4117647058823529,0.5428571428571429,0.4452071737786023,0.5,0.0,1.0
mkl,9,0,17,0.4117647058823529,0.5428571428571429,0.4452071737786023,0.5,0.0,1.0
stacking,9,0,17,0.4117647058823529,0.6571428571428571,0.5206047920333634,0.5,0.0,1.0
confounds_only,9,0,17,0.4117647058823529,0.7142857142857143,0.5637755102040816,0.5,1.0,0.0
structural,9,1,17,0.35294117647058826,0.6363636363636362,0.5940087145969499,0.5833333333333334,0.16666666666666666,1.0
functional,9,1,17,0.35294117647058826,0.7424242424242424,0.5425925925925926,0.8181818181818181,1.0,0.6363636363636364
early_fusion,9,1,17,0.35294117647058826,0.7424242424242424,0.5787037037037037,0.6439393939393939,0.8333333333333334,0.45454545454545453
equal_weight,9,1,17,0.35294117647058826,0.7424242424242424,0.6912037037037037,0.7348484848484849,0.8333333333333334,0.6363636363636364
mkl,9,1,17,0.35294117647058826,0.7727272727272727,0.7334656084656084,0.6439393939393939,0.8333333333333334,0.45454545454545453
stacking,9,1,17,0.35294117647058826,0.7272727272727273,0.6332722832722832,0.6515151515151515,0.6666666666666666,0.6363636363636364
confounds_only,9,1,17,0.35294117647058826,0.6515151515151515,0.5742063492063492,0.6590909090909092,0.5,0.8181818181818182
structural,9,2,16,0.375,0.7333333333333334,0.7424242424242424,0.6333333333333333,0.6666666666666666,0.6
functional,9,2,16,0.375,0.8666666666666667,0.8690476190476191,0.6666666666666667,0.8333333333333334,0.5
early_fusion,9,2,16,0.375,0.8666666666666667,0.8555555555555555,0.6666666666666667,0.8333333333333334,0.5
equal_weight,9,2,16,0.375,0.6833333333333333,0.7204415954415954,0.5833333333333333,0.6666666666666666,0.5
mkl,9,2,16,0.375,0.7333333333333334,0.7066498316498315,0.6666666666666667,0.8333333333333334,0.5
stacking,9,2,16,0.375,0.8333333333333333,0.8425925925925926,0.7166666666666667,0.8333333333333334,0.6
confounds_only,9,2,16,0.375,0.11666666666666665,0.2651709401709402,0.4166666666666667,0.8333333333333334,0.0
structural,9,3,16,0.375,0.6,0.5732804232804233,0.5666666666666667,0.3333333333333333,0.8
functional,9,3,16,0.375,0.5166666666666666,0.5919705294705295,0.55,0.5,0.6
early_fusion,9,3,16,0.375,0.65,0.6550925925925926,0.55,0.5,0.6
equal_weight,9,3,16,0.375,0.6,0.5285353535353535,0.65,0.5,0.8
mkl,9,3,16,0.375,0.6,0.4836640211640212,0.6,0.5,0.7
stacking,9,3,16,0.375,0.6000000000000001,0.45347430347430345,0.6833333333333333,0.6666666666666666,0.7
confounds_only,9,3,16,0.375,0.41666666666666663,0.42660256410256403,0.6166666666666667,0.3333333333333333,0.9
structural,9,4,16,0.375,0.6666666666666666,0.7194444444444443,0.75,0.5,1.0
functional,9,4,16,0.375,0.6666666666666666,0.7013888888888888,0.7,0.5,0.9
early_fusion,9,4,16,0.375,0.6666666666666666,0.7013888888888888,0.65,0.5,0.8
equal_weight,9,4,16,0.375,0.75,0.7884259259259259,0.4666666666666667,0.8333333333333334,0.1
mkl,9,4,16,0.375,0.7666666666666667,0.7732142857142856,0.6166666666666667,0.8333333333333334,0.4
stacking,9,4,16,0.375,0.75,0.8125,0.6333333333333333,0.6666666666666666,0.6
confounds_only,9,4,16,0.375,0.4666666666666667,0.41435185185185186,0.5,0.5,0.5
