permutation,confounds_only,functional
0,0.4648138528138528,0.640930735930736
1,0.4218333333333333,0.4485887445887446
2,0.5017813852813853,0.6344761904761904
3,0.510004329004329,0.5494069264069263
4,0.48526839826839824,0.5517835497835497
5,0.45055194805194804,0.509090909090909
6,0.38376190476190475,0.5232034632034632
7,0.5036233766233766,0.5645064935064935
8,0.42184848484848486,0.49603030303030304
9,0.42637662337662335,0.4547748917748918
10,0.3749393939393939,0.6116060606060606
11,0.535017316017316,0.4622683982683983
12,0.46784199134199134,0.47323376623376623
13,0.547948051948052,0.5542597402597402
14,0.6003311688311688,0.4522380952380952
15,0.42836796536796534,0.47391774891774885
16,0.5857489177489178,0.475004329004329
17,0.7009415584415585,0.6708095238095239
18,0.40254112554112553,0.5098744588744588
19,0.6053290043290044,0.490961038961039
20,0.5487792207792208,0.4814069264069264
21,0.5692142857142857,0.39774458874458873
22,0.4698268398268398,0.49439826839826834
23,0.408012987012987,0.5311038961038961
24,0.3961623376623377,0.6015541125541125
25,0.5378528138528139,0.4591298701298701
26,0.3161818181818182,0.5465627705627706
27,0.5041991341991342,0.5467532467532468
28,0.5114415584415584,0.49050216450216444
29,0.41627489177489174,0.5908398268398268
30,0.37169480519480513,0.5422251082251082
31,0.6114069264069264,0.6131341991341991
32,0.5809350649350649,0.35353246753246753
33,0.5123593073593073,0.5060562770562771
34,0.48233766233766234,0.44787012987012986
35,0.35794588744588746,0.34255411255411256
36,0.47787445887445884,0.4328874458874459
37,0.5718268398268398,0.44133333333333336
38,0.42084848484848486,0.3832164502164502
39,0.39768398268398264,0.6378874458874458
40,0.47674891774891776,0.532017316017316
41,0.5003246753246753,0.5496233766233766
42,0.6097186147186148,0.467051948051948
43,0.504943722943723,0.515896103896104
44,0.34506060606060607,0.5182987012987013
45,0.5459545454545455,0.6352294372294373
46,0.39729870129870126,0.46005627705627705
47,0.595935064935065,0.47179220779220776
48,0.3804025974025974,0.46229870129870126
49,0.49880086580086574,0.5036666666666667
50,0.5109393939393939,0.4130952380952381
51,0.6275454545454545,0.4990865800865801
52,0.3944199134199134,0.5163290043290043
53,0.519883116883117,0.4638917748917749
54,0.5779610389610389,0.6156926406926407
55,0.6145887445887446,0.31579220779220774
56,0.48814285714285716,0.46461471861471865
57,0.5137402597402597,0.5271515151515151
58,0.5774199134199134,0.5602380952380952
59,0.38805844155844155,0.57404329004329
60,0.5545757575757575,0.40759307359307356
61,0.4668268398268398,0.4355367965367965
62,0.581034632034632,0.6466363636363636
63,0.5580909090909091,0.4966493506493507
64,0.43404761904761907,0.33476190476190476
65,0.45557142857142857,0.570930735930736
66,0.3746255411255411,0.5462727272727272
67,0.5362575757575757,0.44947186147186147
68,0.664038961038961,0.6242900432900433
69,0.4074155844155844,0.5701861471861471
70,0.517008658008658,0.43566233766233764
71,0.4951212121212121,0.41477489177489174
72,0.49616233766233764,0.3902294372294372
73,0.4502034632034632,0.5668571428571428
74,0.6541190476190476,0.5749307359307358
75,0.37139177489177494,0.5211471861471861
76,0.34903896103896104,0.3376753246753247
77,0.4450194805194805,0.4305974025974026
78,0.3936255411255411,0.4838225108225108
79,0.639978354978355,0.4913679653679654
80,0.4312207792207792,0.3919350649350649
81,0.4702770562770563,0.543974025974026
82,0.4873419913419913,0.39693939393939387
83,0.6030649350649351,0.5363549783549783
84,0.5973636363636363,0.535978354978355
85,0.49796103896103894,0.5315194805194805
86,0.5439242424242424,0.5581731601731602
87,0.5908831168831169,0.4309437229437229
88,0.49659307359307353,0.40626406926406927
89,0.4447142857142857,0.36746320346320344
90,0.4601731601731601,0.35618614718614716
91,0.5191168831168831,0.40537229437229433
92,0.6651125541125541,0.3755930735930736
93,0.6770735930735932,0.5117532467532467
94,0.4670670995670996,0.477060606060606
95,0.48535064935064937,0.5495930735930736
96,0.46572077922077926,0.46567965367965364
97,0.4882510822510822,0.47756709956709953
98,0.436991341991342,0.5418701298701298
99,0.6146147186147186,0.5715108225108225
100,0.5500194805194806,0.521995670995671
101,0.5488658008658008,0.6147056277056278
102,0.5329437229437229,0.3483722943722944
103,0.6041883116883117,0.4585238095238095
104,0.6538441558441558,0.5358571428571428
105,0.5725757575757576,0.6713593073593074
106,0.4526277056277056,0.4676666666666667
107,0.3792424242424242,0.4866839826839827
108,0.5357359307359307,0.5072467532467533
109,0.45512554112554116,0.6257272727272727
110,0.5015670995670996,0.5355324675324675
111,0.5146709956709956,0.4781255411255411
112,0.5189393939393939,0.4104675324675325
113,0.6261147186147187,0.5998528138528139
114,0.5794978354978355,0.6566277056277056
115,0.3634935064935065,0.5488138528138528
116,0.4295151515151515,0.434982683982684
117,0.40056277056277056,0.49178354978354977
118,0.6152597402597402,0.4737619047619047
119,0.6865367965367966,0.4142770562770563
120,0.5914155844155844,0.5224242424242425
121,0.5156385281385281,0.49296536796536794
122,0.4741731601731602,0.5947012987012986
123,0.5005887445887446,0.4911645021645022
124,0.3448030303030303,0.5338181818181819
125,0.4767445887445887,0.6156796536796536
126,0.3185108225108225,0.4171515151515151
127,0.6487012987012988,0.3222077922077922
128,0.5578658008658008,0.4361774891774892
129,0.5063030303030304,0.5142251082251083
130,0.3414112554112554,0.5572034632034633
131,0.5280909090909092,0.4607835497835498
132,0.428991341991342,0.3754502164502164
133,0.5377489177489178,0.45506060606060605
134,0.593534632034632,0.4515411255411255
135,0.6705497835497836,0.47384415584415585
136,0.5436969696969697,0.5146277056277055
137,0.47843722943722944,0.5840692640692641
138,0.46391774891774884,0.662952380952381
139,0.4781038961038961,0.445987012987013
140,0.41374025974025974,0.5191082251082251
141,0.4486623376623376,0.603090909090909
142,0.5121017316017317,0.5016017316017316
143,0.46038961038961035,0.48028571428571426
144,0.6045454545454545,0.4758051948051948
145,0.5147359307359307,0.5292034632034632
146,0.5672012987012987,0.5231948051948052
147,0.6193376623376623,0.602030303030303
148,0.6379307359307359,0.5007402597402597
149,0.4792121212121212,0.4017056277056277
150,0.5310151515151516,0.5267316017316017
151,0.47339826839826843,0.5875714285714285
152,0.6613290043290043,0.45772727272727276
153,0.5298225108225109,0.5448225108225109
154,0.49948051948051947,0.609935064935065
155,0.436965367965368,0.6047445887445888
156,0.5542857142857143,0.6115541125541125
157,0.6163809523809524,0.5613506493506493
158,0.3520909090909091,0.5336406926406926
159,0.6063722943722943,0.46513852813852813
160,0.4744199134199134,0.515017316017316
161,0.48436796536796534,0.42051515151515145
162,0.5581233766233766,0.46303030303030307
163,0.5036363636363637,0.4636103896103896
164,0.34084848484848485,0.571025974025974
165,0.37487878787878787,0.5630173160173161
166,0.4073701298701299,0.6532207792207793
167,0.42013852813852814,0.46858441558441555
168,0.4619047619047619,0.5786536796536796
169,0.48548484848484846,0.5336709956709956
170,0.6014761904761905,0.5350952380952381
171,0.5627099567099567,0.43896103896103894
172,0.611108225108225,0.42627272727272725
173,0.6237337662337662,0.5504718614718614
174,0.38475324675324674,0.5712683982683983
175,0.43073593073593075,0.6256450216450217
176,0.6009393939393939,0.5350043290043289
177,0.6603679653679653,0.5478658008658008
178,0.5647359307359308,0.5924805194805195
179,0.4391861471861472,0.43052380952380953
180,0.6015021645021644,0.5052510822510823
181,0.5617121212121212,0.5584891774891775
182,0.5862770562770563,0.5362554112554112
183,0.5565281385281385,0.37156277056277054
184,0.5539090909090909,0.5237316017316017
185,0.6153766233766234,0.7532424242424243
186,0.34994588744588745,0.4836147186147186
187,0.5618246753246754,0.4501601731601731
188,0.5673766233766233,0.454995670995671
189,0.4786623376623376,0.6543290043290044
190,0.4851580086580086,0.48901731601731596
191,0.4923116883116883,0.5126450216450216
192,0.5436320346320346,0.5337272727272727
193,0.43485714285714283,0.42160606060606054
194,0.5038744588744588,0.4655194805194805
195,0.47749783549783553,0.4042770562770563
196,0.6395367965367965,0.5431601731601732
197,0.3132207792207792,0.5568441558441558
198,0.6748051948051947,0.5535497835497836
199,0.47288311688311685,0.5617662337662338
200,0.5643246753246753,0.47791341991341985
201,0.5377748917748917,0.5435974025974025
202,0.5406709956709956,0.5184025974025974
203,0.5134740259740259,0.4085324675324675
204,0.6095627705627705,0.5115930735930736
205,0.423051948051948,0.3721082251082251
206,0.46894805194805195,0.5289264069264069
207,0.5436926406926407,0.4591731601731602
208,0.5959177489177488,0.6492770562770563
209,0.5572034632034631,0.5650735930735931
210,0.4993138528138528,0.41217316017316014
211,0.5443593073593074,0.41092207792207786
212,0.6502359307359308,0.5690822510822511
213,0.680064935064935,0.5434458874458874
214,0.37187012987012985,0.4327489177489177
215,0.5656450216450216,0.4502510822510822
216,0.4800606060606061,0.4658138528138528
217,0.4577770562770563,0.4893333333333333
218,0.6549177489177489,0.528064935064935
219,0.5589502164502165,0.4978874458874458
220,0.3793896103896104,0.5586233766233766
221,0.46674891774891775,0.6169393939393939
222,0.6635281385281385,0.5144155844155844
223,0.5824848484848485,0.4490952380952381
224,0.3655411255411255,0.4842424242424242
225,0.5993376623376624,0.5732770562770563
226,0.5632727272727273,0.3914112554112554
227,0.4565367965367965,0.43875757575757574
228,0.5389134199134199,0.523073593073593
229,0.43062337662337663,0.40324675324675324
230,0.5263116883116883,0.48696103896103893
231,0.49522943722943724,0.5878701298701299
232,0.4377922077922078,0.564995670995671
233,0.4767878787878788,0.5346926406926407
234,0.6007142857142856,0.42134199134199135
235,0.44391774891774893,0.5421082251082251
236,0.48198268398268396,0.5894805194805195
237,0.43389177489177494,0.36754978354978357
238,0.39689826839826836,0.42247619047619045
239,0.5135670995670996,0.41477922077922075
240,0.5907857142857142,0.5425238095238095
241,0.5139025974025974,0.34285281385281385
242,0.4485194805194805,0.5231168831168831
243,0.5342813852813852,0.5255454545454545
244,0.47685281385281386,0.6110692640692641
245,0.5268744588744589,0.4571082251082251
246,0.43765367965367963,0.47813852813852814
247,0.6164588744588745,0.5016060606060606
248,0.3884090909090909,0.49693073593073595
249,0.48948917748917753,0.5757099567099567
250,0.5526233766233767,0.5712900432900433
251,0.570952380952381,0.4441428571428571
252,0.4114090909090909,0.5936580086580087
253,0.4626688311688312,0.5178181818181818
254,0.37022727272727274,0.635965367965368
255,0.6467857142857143,0.4798311688311688
256,0.5328571428571428,0.5511645021645022
257,0.5107619047619048,0.5523030303030303
258,0.39938528138528134,0.5524761904761905
259,0.5167251082251082,0.5886017316017316
260,0.5018744588744589,0.4182640692640692
261,0.4345844155844156,0.4805541125541125
262,0.43491558441558437,0.5513939393939394
263,0.5894761904761904,0.4737186147186147
264,0.43812121212121213,0.556064935064935
265,0.413008658008658,0.4668095238095238
266,0.5933073593073593,0.5168831168831168
267,0.4659069264069264,0.5509826839826839
268,0.5327467532467532,0.5912424242424242
269,0.4642251082251082,0.6166753246753247
270,0.49273809523809525,0.6247359307359307
271,0.4229220779220779,0.44872727272727275
272,0.36810389610389604,0.5806753246753247
273,0.3522077922077922,0.5872987012987013
274,0.5963419913419914,0.431034632034632
275,0.38587229437229437,0.47618614718614716
276,0.4368008658008658,0.3974675324675324
277,0.4205497835497835,0.4885541125541126
278,0.46195238095238095,0.42157575757575755
279,0.5106060606060606,0.5572467532467532
280,0.39194588744588743,0.6176320346320346
281,0.5299264069264069,0.4946969696969697
282,0.5343896103896104,0.5556796536796537
283,0.49238095238095236,0.4667878787878788
284,0.5122900432900432,0.3982727272727273
285,0.524008658008658,0.49268398268398267
286,0.4816753246753247,0.5092510822510823
287,0.500008658008658,0.5176796536796536
288,0.6815151515151515,0.4868874458874459
289,0.45330303030303026,0.39147186147186147
290,0.49600865800865795,0.57412987012987
291,0.5854177489177489,0.3917878787878788
292,0.6315627705627705,0.3671991341991342
293,0.35954545454545456,0.4559696969696969
294,0.5872510822510822,0.4262034632034632
295,0.4195692640692641,0.4947099567099567
296,0.46390043290043287,0.5583116883116883
297,0.5604545454545454,0.4491255411255411
298,0.5314761904761904,0.5028658008658009
299,0.5527748917748918,0.617900432900433
300,0.5192186147186146,0.5328008658008657
301,0.4614242424242424,0.44760606060606056
302,0.5658658008658008,0.483021645021645
303,0.4827056277056277,0.4558961038961039
304,0.5035974025974026,0.6121428571428571
305,0.5634675324675325,0.6427619047619048
306,0.38810389610389606,0.36776623376623374
307,0.38447619047619047,0.6533376623376622
308,0.5195627705627706,0.5566406926406926
309,0.5014415584415584,0.377987012987013
310,0.5369220779220779,0.38595238095238094
311,0.5215930735930736,0.46429437229437226
312,0.4142857142857143,0.6564155844155845
313,0.4796493506493506,0.5293939393939394
314,0.47618181818181815,0.4883852813852814
315,0.48857142857142855,0.4627316017316017
316,0.44959740259740255,0.43187012987012985
317,0.5441904761904762,0.5722467532467532
318,0.587030303030303,0.528891774891775
319,0.3243896103896104,0.5129047619047619
320,0.36669696969696974,0.34711688311688316
321,0.44141558441558437,0.45725541125541125
322,0.5283614718614719,0.3964415584415584
323,0.5204329004329005,0.5394155844155845
324,0.37846753246753245,0.4183030303030303
325,0.4628744588744588,0.41978787878787877
326,0.44566233766233765,0.45936363636363636
327,0.43807359307359306,0.46396103896103896
328,0.5113593073593073,0.41870129870129874
329,0.384991341991342,0.5638701298701299
330,0.4839004329004329,0.3882857142857143
331,0.4567575757575757,0.5441991341991342
332,0.5202207792207791,0.5063593073593073
333,0.48528138528138526,0.5711515151515151
334,0.6512251082251082,0.46751082251082254
335,0.36932900432900434,0.564
336,0.4098571428571428,0.633030303030303
337,0.4883051948051948,0.4495627705627705
338,0.4295064935064935,0.3862380952380952
339,0.4343852813852813,0.40154112554112553
340,0.5472424242424243,0.5828138528138528
341,0.501900432900433,0.5185887445887446
342,0.4156125541125541,0.573060606060606
343,0.4988961038961039,0.6648614718614718
344,0.40498051948051944,0.6533939393939394
345,0.4753116883116883,0.5931818181818183
346,0.4941125541125541,0.5655108225108225
347,0.4083831168831169,0.5370649350649351
348,0.5398376623376623,0.6573636363636364
349,0.521965367965368,0.5651558441558442
350,0.3276796536796537,0.3374242424242424
351,0.6803831168831169,0.6047445887445888
352,0.4378051948051948,0.4551298701298701
353,0.554025974025974,0.6008268398268398
354,0.5802943722943723,0.566991341991342
355,0.4769220779220779,0.4057359307359307
356,0.5494242424242425,0.4911645021645022
357,0.4562424242424242,0.595038961038961
358,0.46559740259740257,0.4775974025974026
359,0.4493787878787879,0.4862467532467532
360,0.34487878787878784,0.5625714285714285
361,0.427017316017316,0.5677835497835497
362,0.4727272727272727,0.5160606060606061
363,0.5208571428571428,0.47875757575757577
364,0.42063203463203463,0.4830952380952381
365,0.4632251082251082,0.47593939393939394
366,0.4202987012987013,0.3606926406926407
367,0.457995670995671,0.368021645021645
368,0.5732597402597402,0.5286363636363636
369,0.5753939393939393,0.4096190476190476
370,0.3626969696969697,0.4758051948051948
371,0.5505454545454546,0.47592207792207786
372,0.6199480519480519,0.5758095238095238
373,0.47832034632034637,0.5188917748917748
374,0.5743376623376624,0.4853073593073593
375,0.43262770562770564,0.4811255411255411
376,0.4885757575757576,0.3886839826839827
377,0.6181688311688311,0.5944978354978354
378,0.41500865800865805,0.5083852813852814
379,0.5802987012987013,0.39919047619047615
380,0.4390281385281385,0.5089523809523809
381,0.5591601731601732,0.5303679653679654
382,0.450025974025974,0.6285930735930736
383,0.34338095238095234,0.5025281385281385
384,0.38337662337662337,0.5146926406926408
385,0.5437792207792208,0.5204458874458875
386,0.5288268398268398,0.5927056277056277
387,0.5036666666666667,0.6023116883116884
388,0.4304675324675325,0.3591298701298701
389,0.3982683982683982,0.5046277056277055
390,0.4971385281385281,0.5359004329004329
391,0.45816017316017316,0.5926320346320346
392,0.42164502164502166,0.6473593073593074
393,0.592051948051948,0.4604805194805195
394,0.38132034632034634,0.3876103896103896
395,0.3893225108225108,0.5243333333333333
396,0.5250108225108225,0.4711471861471861
397,0.6868874458874459,0.5501038961038961
398,0.408012987012987,0.44401298701298697
399,0.646995670995671,0.5124632034632035
400,0.5807359307359308,0.5171341991341991
401,0.5698593073593073,0.3697402597402597
402,0.42872727272727273,0.4667705627705627
403,0.550612554112554,0.5881645021645021
404,0.3397835497835498,0.4657272727272727
405,0.5178484848484848,0.6463679653679654
406,0.3779935064935065,0.5344805194805194
407,0.6560909090909091,0.5668961038961039
408,0.4973290043290043,0.6442164502164502
409,0.48685064935064937,0.562017316017316
410,0.5482554112554112,0.474012987012987
411,0.47628787878787876,0.39274458874458873
412,0.47874025974025974,0.4211082251082251
413,0.454987012987013,0.3866277056277056
414,0.5126103896103895,0.6314675324675325
415,0.5084632034632035,0.41228571428571426
416,0.31952380952380954,0.5293419913419913
417,0.6689935064935065,0.43765367965367963
418,0.5484069264069263,0.48063203463203463
419,0.45605627705627705,0.5342207792207792
420,0.5642251082251082,0.5090346320346321
421,0.4481774891774892,0.4722640692640692
422,0.5754458874458874,0.4912467532467532
423,0.560974025974026,0.43491774891774887
424,0.5019480519480519,0.5980735930735931
425,0.4597229437229437,0.5435108225108225
426,0.5074675324675324,0.5291168831168831
427,0.45670995670995673,0.45175324675324674
428,0.5562640692640692,0.36907359307359305
429,0.5427142857142857,0.6256147186147186
430,0.5522251082251082,0.5215670995670996
431,0.4787922077922078,0.4365974025974026
432,0.5084761904761905,0.4806103896103896
433,0.40229004329004325,0.5189090909090909
434,0.5811320346320347,0.5125541125541125
435,0.5509956709956709,0.3771255411255411
436,0.4259004329004329,0.45079220779220774
437,0.49832467532467534,0.40056277056277056
438,0.6001688311688311,0.38410389610389606
439,0.5738225108225108,0.4814285714285715
440,0.5428809523809524,0.5712337662337662
441,0.39987878787878783,0.4462337662337662
442,0.4332900432900433,0.5342900432900433
443,0.4479047619047619,0.663077922077922
444,0.480004329004329,0.49758008658008657
445,0.42612987012987014,0.36407359307359305
446,0.4549696969696969,0.6130519480519481
447,0.37286147186147184,0.46769696969696967
448,0.5614805194805195,0.6394891774891776
449,0.36547619047619045,0.5113593073593073
450,0.5152662337662338,0.5160432900432901
451,0.3586666666666667,0.5604632034632034
452,0.550974025974026,0.4864502164502164
453,0.5250606060606061,0.5526147186147186
454,0.5596753246753247,0.6538571428571429
455,0.36508225108225106,0.4570779220779221
456,0.5876450216450216,0.5487056277056277
457,0.5482056277056278,0.4373419913419913
458,0.5376796536796536,0.5836709956709957
459,0.43534199134199136,0.47793939393939394
460,0.5666493506493506,0.5664329004329004
461,0.6615670995670996,0.42187878787878785
462,0.5494978354978355,0.5822251082251082
463,0.5577316017316017,0.495974025974026
464,0.5621298701298701,0.5603333333333333
465,0.6133008658008658,0.37381385281385276
466,0.510965367965368,0.49570562770562765
467,0.5945454545454545,0.5587532467532468
468,0.5774502164502164,0.5614199134199134
469,0.46006060606060606,0.6409134199134199
470,0.5877662337662337,0.5134935064935064
471,0.4444848484848485,0.6432987012987013
472,0.3776839826839826,0.5087142857142858
473,0.5176298701298702,0.43490476190476185
474,0.5260497835497836,0.5993030303030303
475,0.5014783549783549,0.4327532467532468
476,0.551517316017316,0.4438225108225108
477,0.49687012987012985,0.37548917748917743
478,0.5268268398268399,0.6932900432900433
479,0.645969696969697,0.5823593073593074
480,0.39035497835497834,0.5023290043290043
481,0.7531168831168832,0.5741558441558441
482,0.4507186147186147,0.5137748917748918
483,0.3807272727272727,0.6201645021645021
484,0.6372813852813853,0.510991341991342
485,0.4236038961038961,0.4106623376623377
486,0.5155909090909091,0.38000432900432896
487,0.3699134199134199,0.453034632034632
488,0.3301471861471861,0.4994891774891775
489,0.49508225108225107,0.5540865800865801
490,0.5337705627705628,0.5156190476190476
491,0.5324285714285714,0.5653160173160173
492,0.47507792207792204,0.5664761904761905
493,0.6338744588744588,0.4628787878787879
494,0.37126406926406924,0.4523073593073593
495,0.5598225108225108,0.5904545454545455
496,0.4002207792207792,0.36592640692640693
497,0.6211969696969697,0.5552337662337662
498,0.4320779220779221,0.37878787878787873
499,0.4181017316017316,0.4585757575757576
