model,repeat,fold,n_train,n_test,C,inner_auc,threshold,beta_structural,beta_functional,C_structural,meta_coef_structural,C_functional,meta_coef_functional,beta_confounds
structural,0,0,65,17,0.001,0.6611111111111111,0.9934734764548022,1.0,,,,,,
functional,0,0,65,17,1.0,0.7422222222222221,-0.31154984178018996,,1.0,,,,,
early_fusion,0,0,65,17,1.0,0.7527777777777778,-0.3017703286328034,0.015121368881814564,0.9848786311181854,,,,,
equal_weight,0,0,65,17,1.0,0.7127777777777777,-0.2869459784830657,0.5,0.5,,,,,
mkl,0,0,65,17,1.0,0.7627777777777778,-0.23320972997982597,0.1,0.9,,,,,
stacking,0,0,65,17,,0.67,-0.7349551616419681,,,0.001,0.29688558792284875,1.0,0.6498694339578442,
confounds_only,0,0,65,17,0.1,0.663888888888889,0.3548734625868482,,,,,,,1.0
structural,0,1,65,17,0.1,0.6849999999999999,0.18474751192873093,1.0,,,,,,
functional,0,1,65,17,1.0,0.7849999999999999,-0.1508622362300835,,1.0,,,,,
early_fusion,0,1,65,17,1.0,0.79,-0.12691987113125278,0.015121368881814564,0.9848786311181854,,,,,
equal_weight,0,1,65,17,10.0,0.77,-0.1768036709551738,0.5,0.5,,,,,
mkl,0,1,65,17,1.0,0.785,0.0318592282058556,0.2,0.8,,,,,
stacking,0,1,65,17,,0.7699999999999999,-0.41191869278101445,,,0.1,0.44344383168249235,1.0,0.9486629102273035,
confounds_only,0,1,65,17,10.0,0.485,0.9980491474428752,,,,,,,1.0
structural,0,2,66,16,0.001,0.6216666666666667,-0.9930773899977409,1.0,,,,,,
functional,0,2,66,16,1.0,0.8283333333333334,0.016921227625234625,,1.0,,,,,
early_fusion,0,2,66,16,10.0,0.8227777777777778,-0.32301395094440305,0.015121368881814564,0.9848786311181854,,,,,
equal_weight,0,2,66,16,0.001,0.7594444444444444,-0.9929411454073377,0.5,0.5,,,,,
mkl,0,2,66,16,1.0,0.8283333333333334,0.016921227625234625,0.0,1.0,,,,,
stacking,0,2,66,16,,0.8327777777777777,-1.1110615573073228,,,0.001,-0.1420786741094769,1.0,1.3032507996303637,
confounds_only,0,2,66,16,0.1,0.5822222222222222,0.5491879369785272,,,,,,,1.0
structural,0,3,66,16,0.001,0.7155555555555556,-0.993479575461603,1.0,,,,,,
functional,0,3,66,16,10.0,0.6855555555555555,-0.37144597838536997,,1.0,,,,,
early_fusion,0,3,66,16,10.0,0.7044444444444444,-0.12494111730357607,0.015121368881814564,0.9848786311181854,,,,,
equal_weight,0,3,66,16,0.001,0.707777777777778,-0.9942389700181041,0.5,0.5,,,,,
mkl,0,3,66,16,0.001,0.7233333333333334,-0.9945252262907818,0.4,0.6,,,,,
stacking,0,3,66,16,,0.7033333333333334,-0.31789319009668465,,,0.001,0.0030162563453537653,10.0,0.6482913742512936,
confounds_only,0,3,66,16,10.0,0.6094444444444445,0.17963151862479967,,,,,,,1.0
structural,0,4,66,16,0.001,0.6777777777777778,-0.9905723288236774,1.0,,,,,,
functional,0,4,66,16,1.0,0.6888888888888889,0.0607658596143342,,1.0,,,,,
early_fusion,0,4,66,16,1.0,0.6888888888888889,0.09171509420553287,0.015121368881814564,0.9848786311181854,,,,,
equal_weight,0,4,66,16,1.0,0.7227777777777777,0.20824753725111142,0.5,0.5,,,,,
mkl,0,4,66,16,0.001,0.7444444444444444,-0.9946788003727817,0.4,0.6,,,,,
stacking,0,4,66,16,,0.711111111111111,-0.12295044912843223,,,0.001,-0.09349954863586747,1.0,0.6219380973979672,
confounds_only,0,4,66,16,0.001,0.23333333333333334,-1.000780034043959,,,,,,,1.0
structural,1,0,65,17,0.001,0.7805555555555556,0.9937512947854344,1.0,,,,,,
functional,1,0,65,17,10.0,0.8027777777777777,-0.1291281357911711,,1.0,,,,,
early_fusion,1,0,65,17,10.0,0.8133333333333332,-0.1651142343909564,0.015121368881814564,0.9848786311181854,,,,,
equal_weight,1,0,65,17,1.0,0.7861111111111111,0.08883450232550599,0.5,0.5,,,,,
mkl,1,0,65,17,10.0,0.8444444444444444,-0.1930264935527486,0.1,0.9,,,,,
stacking,1,0,65,17,,0.85,-0.451967812533809,,,0.001,0.4165142790201516,10.0,0.8792380451053011,
confounds_only,1,0,65,17,10.0,0.5922222222222222,-0.9999699932051513,,,,,,,1.0
structural,1,1,65,17,0.001,0.7849999999999999,0.993508114222587,1.0,,,,,,
functional,1,1,65,17,10.0,0.76,-0.3070486466203489,,1.0,,,,,
early_fusion,1,1,65,17,10.0,0.77,-0.24266917089602164,0.015121368881814564,0.9848786311181854,,,,,
equal_weight,1,1,65,17,0.001,0.79,0.993702113583312,0.5,0.5,,,,,
mkl,1,1,65,17,0.001,0.8,0.9938079950458669,0.8,0.19999999999999996,,,,,
stacking,1,1,65,17,,0.79,-0.6152801785886461,,,0.001,0.45494387935736935,10.0,1.149895504922629,
confounds_only,1,1,65,17,1.0,0.5450000000000002,1.0000796009513317,,,,,,,1.0
structural,1,2,66,16,0.001,0.7255555555555556,-0.9891417317601932,1.0,,,,,,
functional,1,2,66,16,1.0,0.7322222222222223,-0.2920952848990565,,1.0,,,,,
early_fusion,1,2,66,16,0.001,0.7372222222222222,-0.9890388227944469,0.015121368881814564,0.9848786311181854,,,,,
equal_weight,1,2,66,16,0.001,0.7477777777777778,-0.99178829662123,0.5,0.5,,,,,
mkl,1,2,66,16,0.001,0.7550000000000001,-0.9915868542100846,0.8,0.19999999999999996,,,,,
stacking,1,2,66,16,,0.7322222222222223,-0.5581550652518955,,,0.001,-0.19814965736122905,1.0,0.7334268791608455,
confounds_only,1,2,66,16,100.0,0.6777777777777778,0.9994834588505248,,,,,,,1.0
structural,1,3,66,16,0.001,0.6733333333333332,-0.989677478480838,1.0,,,,,,
functional,1,3,66,16,0.001,0.6861111111111111,-0.9885111257253081,,1.0,,,,,
early_fusion,1,3,66,16,0.001,0.6861111111111111,-0.9886690617165961,0.015121368881814564,0.9848786311181854,,,,,
equal_weight,1,3,66,16,0.001,0.716111111111111,-0.9919754936254592,0.5,0.5,,,,,
mkl,1,3,66,16,0.001,0.7449999999999999,-0.992504746930119,0.4,0.6,,,,,
stacking,1,3,66,16,,0.3711111111111112,512.775669332715,,,0.001,-0.021524130935056524,0.001,-0.0230479973353416,
confounds_only,1,3,66,16,0.001,0.4422222222222222,-0.9952473636119749,,,,,,,1.0
structural,1,4,66,16,1.0,0.7233333333333334,-0.1600875663893563,1.0,,,,,,
functional,1,4,66,16,10.0,0.73,-0.04986702981625901,,1.0,,,,,
early_fusion,1,4,66,16,1.0,0.7405555555555556,-0.018063706291164994,0.015121368881814564,0.9848786311181854,,,,,
equal_weight,1,4,66,16,1.0,0.7449999999999999,-0.11410267404588842,0.5,0.5,,,,,
mkl,1,4,66,16,1.0,0.765,0.08412305765594028,0.3,0.7,,,,,
stacking,1,4,66,16,,0.7544444444444445,-0.5986808416790991,,,1.0,0.5740957004454411,10.0,0.6886068552942983,
confounds_only,1,4,66,16,10.0,0.6511111111111111,0.6774843351993229,,,,,,,1.0
structural,2,0,65,17,1.0,0.8022222222222222,0.10541704769258087,1.0,,,,,,
functional,2,0,65,17,1.0,0.7816666666666667,-0.1326435305848219,,1.0,,,,,
early_fusion,2,0,65,17,1.0,0.7916666666666667,-0.24873613485044901,0.015121368881814564,0.9848786311181854,,,,,
equal_weight,2,0,65,17,0.001,0.8477777777777777,0.9923767611975028,0.5,0.5,,,,,
mkl,2,0,65,17,0.001,0.8483333333333334,0.9912855968833209,0.4,0.6,,,,,
stacking,2,0,65,17,,0.8083333333333333,-1.0632860972814187,,,1.0,0.8382195214734829,1.0,0.8020728067279899,
confounds_only,2,0,65,17,0.001,0.48111111111111116,0.9921010192962745,,,,,,,1.0
structural,2,1,65,17,0.001,0.735,0.9935644056473432,1.0,,,,,,
functional,2,1,65,17,10.0,0.8049999999999999,-0.18496530129611974,,1.0,,,,,
early_fusion,2,1,65,17,10.0,0.8,-0.15195608731642338,0.015121368881814564,0.9848786311181854,,,,,
equal_weight,2,1,65,17,10.0,0.7600000000000001,-0.02769602179112801,0.5,0.5,,,,,
mkl,2,1,65,17,10.0,0.8049999999999999,-0.18496530129611974,0.0,1.0,,,,,
stacking,2,1,65,17,,0.78,-0.2361946327612907,,,0.001,0.39346220326404274,10.0,1.0296014153011832,
confounds_only,2,1,65,17,0.001,0.5900000000000001,0.9912756469331214,,,,,,,1.0
structural,2,2,66,16,1.0,0.7072222222222223,0.059808506273711204,1.0,,,,,,
functional,2,2,66,16,0.001,0.635,-0.9961627395622424,,1.0,,,,,
early_fusion,2,2,66,16,0.001,0.6449999999999999,-0.9960056145377099,0.015121368881814564,0.9848786311181854,,,,,
equal_weight,2,2,66,16,10.0,0.6700000000000002,-0.29304465138078806,0.5,0.5,,,,,
mkl,2,2,66,16,1.0,0.7100000000000001,-0.10859689405051781,0.9,0.09999999999999998,,,,,
stacking,2,2,66,16,,0.6450000000000001,-0.21140261202430793,,,1.0,0.7248300699564699,0.001,-0.024010902381987297,
confounds_only,2,2,66,16,10.0,0.5916666666666668,0.9999349242680412,,,,,,,1.0
structural,2,3,66,16,0.001,0.6344444444444444,-0.9982324793928035,1.0,,,,,,
functional,2,3,66,16,0.001,0.653888888888889,-0.9909698292183311,,1.0,,,,,
early_fusion,2,3,66,16,0.001,0.6488888888888888,-0.9911497201189478,0.015121368881814564,0.9848786311181854,,,,,
equal_weight,2,3,66,16,0.001,0.6044444444444445,-0.9967796360384901,0.5,0.5,,,,,
mkl,2,3,66,16,0.001,0.653888888888889,-0.9909698292183311,0.0,1.0,,,,,
stacking,2,3,66,16,,0.3494444444444445,-0.4720223165883747,,,0.001,-0.02378752122580492,0.001,-0.02214982255626436,
confounds_only,2,3,66,16,10.0,0.4822222222222223,0.029660931217950937,,,,,,,1.0
structural,2,4,66,16,100.0,0.6494444444444445,0.6320812498054805,1.0,,,,,,
functional,2,4,66,16,10.0,0.7438888888888889,-0.04293052993337193,,1.0,,,,,
early_fusion,2,4,66,16,10.0,0.7588888888888888,-0.05085206915529941,0.015121368881814564,0.9848786311181854,,,,,
equal_weight,2,4,66,16,10.0,0.7355555555555556,-0.204154008991773,0.5,0.5,,,,,
mkl,2,4,66,16,10.0,0.7694444444444445,-0.011416027330278744,0.3,0.7,,,,,
stacking,2,4,66,16,,0.7833333333333333,-0.4948190315583945,,,100.0,0.46238996968553187,10.0,0.8762533808357592,
confounds_only,2,4,66,16,10.0,0.6205555555555556,0.9998610213283481,,,,,,,1.0
structural,3,0,65,17,0.1,0.7472222222222222,0.21915772265931865,1.0,,,,,,
functional,3,0,65,17,10.0,0.8327777777777776,-0.37979436459723875,,1.0,,,,,
early_fusion,3,0,65,17,10.0,0.843888888888889,-0.11601304049276501,0.015121368881814564,0.9848786311181854,,,,,
equal_weight,3,0,65,17,0.001,0.793888888888889,0.9914094081125072,0.5,0.5,,,,,
mkl,3,0,65,17,10.0,0.8350000000000002,-0.05404598277706635,0.1,0.9,,,,,
stacking,3,0,65,17,,0.8333333333333334,-1.1541375827066587,,,0.1,0.682416669466507,10.0,1.1693121054877924,
confounds_only,3,0,65,17,100.0,0.6300000000000001,0.9988315399071235,,,,,,,1.0
structural,3,1,65,17,0.001,0.7350000000000001,0.9919518981249624,1.0,,,,,,
functional,3,1,65,17,1.0,0.76,0.06439129683379452,,1.0,,,,,
early_fusion,3,1,65,17,1.0,0.765,0.08848183974481702,0.015121368881814564,0.9848786311181854,,,,,
equal_weight,3,1,65,17,10.0,0.82,-0.3764915344513212,0.5,0.5,,,,,
mkl,3,1,65,17,1.0,0.825,0.2619647282870883,0.4,0.6,,,,,
stacking,3,1,65,17,,0.75,-0.44430794866387685,,,0.001,0.4344905832296368,1.0,1.090582274126921,
confounds_only,3,1,65,17,1.0,0.49499999999999994,0.9998865589749535,,,,,,,1.0
structural,3,2,66,16,10.0,0.6561111111111111,-0.39623393228214343,1.0,,,,,,
functional,3,2,66,16,10.0,0.7449999999999999,-0.08778300270290779,,1.0,,,,,
early_fusion,3,2,66,16,10.0,0.7450000000000001,-0.13057990764534497,0.015121368881814564,0.9848786311181854,,,,,
equal_weight,3,2,66,16,1.0,0.7055555555555555,0.24074125937399007,0.5,0.5,,,,,
mkl,3,2,66,16,10.0,0.7505555555555555,-0.2996284351164197,0.3,0.7,,,,,
stacking,3,2,66,16,,0.7794444444444445,-0.5691390421912065,,,10.0,0.49312085738399464,10.0,0.8483793236631479,
confounds_only,3,2,66,16,10.0,0.5488888888888889,0.2104075344683998,,,,,,,1.0
structural,3,3,66,16,0.001,0.71,-0.9895247714396175,1.0,,,,,,
functional,3,3,66,16,1.0,0.7516666666666667,-0.4556159744815728,,1.0,,,,,
early_fusion,3,3,66,16,1.0,0.756111111111111,-0.4629945928117314,0.015121368881814564,0.9848786311181854,,,,,
equal_weight,3,3,66,16,0.001,0.7238888888888889,-0.9929702761217418,0.5,0.5,,,,,
mkl,3,3,66,16,0.001,0.7644444444444445,-0.9913429869086842,0.3,0.7,,,,,
stacking,3,3,66,16,,0.7738888888888888,-0.7529608893378547,,,0.001,-0.0463565767877261,1.0,0.8125808210043488,
confounds_only,3,3,66,16,0.001,0.5105555555555557,-0.9893757369265548,,,,,,,1.0
structural,3,4,66,16,0.001,0.6494444444444445,-0.995445338624644,1.0,,,,,,
functional,3,4,66,16,0.001,0.6672222222222223,-0.991857067959027,,1.0,,,,,
early_fusion,3,4,66,16,0.001,0.6672222222222223,-0.9919745271682293,0.015121368881814564,0.9848786311181854,,,,,
equal_weight,3,4,66,16,0.001,0.6333333333333333,-0.9948354619207174,0.5,0.5,,,,,
mkl,3,4,66,16,0.001,0.6827777777777777,-0.9951099863775466,0.8,0.19999999999999996,,,,,
stacking,3,4,66,16,,0.2916666666666667,-0.47233755848411796,,,0.001,-0.03876414627230866,0.001,-0.006621905377332868,
confounds_only,3,4,66,16,10.0,0.5244444444444445,1.000042203613105,,,,,,,1.0
structural,4,0,65,17,0.001,0.6211111111111111,0.9977742449323541,1.0,,,,,,
functional,4,0,65,17,1.0,0.6772222222222222,-0.33221085083617136,,1.0,,,,,
early_fusion,4,0,65,17,1.0,0.6877777777777777,-0.3379529797326497,0.015121368881814564,0.9848786311181854,,,,,
equal_weight,4,0,65,17,1.0,0.6905555555555555,-0.1632695354079093,0.5,0.5,,,,,
mkl,4,0,65,17,1.0,0.7272222222222223,-0.44536672138934164,0.2,0.8,,,,,
stacking,4,0,65,17,,0.7027777777777777,-0.8893088166690659,,,0.001,0.1582085757532826,1.0,0.7539379655184467,
confounds_only,4,0,65,17,1.0,0.5794444444444444,1.000064384995087,,,,,,,1.0
structural,4,1,65,17,0.001,0.6900000000000001,0.9934956551737365,1.0,,,,,,
functional,4,1,65,17,10.0,0.775,0.06736139193173074,,1.0,,,,,
early_fusion,4,1,65,17,10.0,0.7549999999999999,-0.023164573420179357,0.015121368881814564,0.9848786311181854,,,,,
equal_weight,4,1,65,17,0.001,0.7150000000000001,0.9934740871280646,0.5,0.5,,,,,
mkl,4,1,65,17,10.0,0.775,0.06736139193173074,0.0,1.0,,,,,
stacking,4,1,65,17,,0.7649999999999999,-1.020738018218243,,,0.001,0.4120046031905606,10.0,0.942373368356029,
confounds_only,4,1,65,17,1.0,0.425,1.000016805875097,,,,,,,1.0
structural,4,2,66,16,1.0,0.675,0.20653575046349662,1.0,,,,,,
functional,4,2,66,16,1.0,0.7005555555555556,-0.1497711541833698,,1.0,,,,,
early_fusion,4,2,66,16,0.001,0.6955555555555556,-0.9934991537170339,0.015121368881814564,0.9848786311181854,,,,,
equal_weight,4,2,66,16,10.0,0.7827777777777778,-0.047778480355243846,0.5,0.5,,,,,
mkl,4,2,66,16,10.0,0.8022222222222222,-0.04345519986544688,0.6,0.4,,,,,
stacking,4,2,66,16,,0.7166666666666666,-0.13392337162442491,,,1.0,0.540738244813396,1.0,0.5576110443891414,
confounds_only,4,2,66,16,100.0,0.5511111111111111,1.0001290230072954,,,,,,,1.0
structural,4,3,66,16,0.001,0.6433333333333333,0.9933813371894664,1.0,,,,,,
functional,4,3,66,16,1.0,0.7294444444444445,0.06550335965636878,,1.0,,,,,
early_fusion,4,3,66,16,1.0,0.7044444444444444,0.09938917055080435,0.015121368881814564,0.9848786311181854,,,,,
equal_weight,4,3,66,16,0.001,0.6588888888888891,-0.994174814942706,0.5,0.5,,,,,
mkl,4,3,66,16,1.0,0.7294444444444445,0.06550335965636878,0.0,1.0,,,,,
stacking,4,3,66,16,,0.7344444444444445,0.010634009462744731,,,0.001,-0.18161574013199058,1.0,0.8783216242321406,
confounds_only,4,3,66,16,100.0,0.5700000000000001,-0.9998204857908263,,,,,,,1.0
structural,4,4,66,16,0.1,0.7394444444444445,0.31916309758434835,1.0,,,,,,
functional,4,4,66,16,10.0,0.8150000000000001,0.0026166270543869774,,1.0,,,,,
early_fusion,4,4,66,16,10.0,0.8294444444444444,-0.1849706639980055,0.015121368881814564,0.9848786311181854,,,,,
equal_weight,4,4,66,16,0.001,0.7677777777777778,-0.9949142952166712,0.5,0.5,,,,,
mkl,4,4,66,16,1.0,0.8383333333333335,-0.15065008910230607,0.1,0.9,,,,,
stacking,4,4,66,16,,0.8394444444444444,-0.03710995569590991,,,0.1,0.650130097288667,10.0,1.1211667885324434,
confounds_only,4,4,66,16,1.0,0.6644444444444444,-0.9998193808797307,,,,,,,1.0
structural,5,0,65,17,0.001,0.6905555555555555,0.9895828803934831,1.0,,,,,,
functional,5,0,65,17,1.0,0.7266666666666668,0.3891835413237538,,1.0,,,,,
early_fusion,5,0,65,17,1.0,0.7427777777777778,0.4463040513055219,0.015121368881814564,0.9848786311181854,,,,,
equal_weight,5,0,65,17,0.001,0.7477777777777778,0.9937227803553369,0.5,0.5,,,,,
mkl,5,0,65,17,1.0,0.79,0.21931415876988403,0.2,0.8,,,,,
stacking,5,0,65,17,,0.7838888888888889,-0.2076167207487969,,,0.001,0.6113364868282093,1.0,0.7016162148833072,
confounds_only,5,0,65,17,100.0,0.5122222222222221,0.9980443712789784,,,,,,,1.0
structural,5,1,65,17,0.001,0.5900000000000001,0.9958813558259603,1.0,,,,,,
functional,5,1,65,17,1.0,0.725,-0.1538706345625074,,1.0,,,,,
early_fusion,5,1,65,17,10.0,0.725,-0.03689490787365654,0.015121368881814564,0.9848786311181854,,,,,
equal_weight,5,1,65,17,0.001,0.6450000000000001,0.9926610634825461,0.5,0.5,,,,,
mkl,5,1,65,17,10.0,0.7300000000000001,-0.032933972508941534,0.1,0.9,,,,,
stacking,5,1,65,17,,0.685,-0.524122488646186,,,0.001,0.13167249108330753,1.0,0.832617192600164,
confounds_only,5,1,65,17,1.0,0.53,0.9989096785375682,,,,,,,1.0
structural,5,2,66,16,0.001,0.7238888888888889,-0.9937141883501998,1.0,,,,,,
functional,5,2,66,16,10.0,0.7416666666666667,-0.037255634579543784,,1.0,,,,,
early_fusion,5,2,66,16,10.0,0.7316666666666667,-0.0441457344062135,0.015121368881814564,0.9848786311181854,,,,,
equal_weight,5,2,66,16,1.0,0.7888888888888889,0.16310808894116569,0.5,0.5,,,,,
mkl,5,2,66,16,1.0,0.7888888888888889,0.16310808894116569,0.5,0.5,,,,,
stacking,5,2,66,16,,0.7461111111111112,-0.1549291397852982,,,0.001,-0.05415127903261297,10.0,0.9944944607992531,
confounds_only,5,2,66,16,10.0,0.525,-0.205762911850113,,,,,,,1.0
structural,5,3,66,16,0.001,0.7483333333333333,-0.9890095164202501,1.0,,,,,,
functional,5,3,66,16,10.0,0.7944444444444445,-0.2518813291557384,,1.0,,,,,
early_fusion,5,3,66,16,10.0,0.8099999999999999,-0.27893857247340237,0.015121368881814564,0.9848786311181854,,,,,
equal_weight,5,3,66,16,10.0,0.7394444444444445,0.03901088924778068,0.5,0.5,,,,,
mkl,5,3,66,16,10.0,0.7944444444444445,-0.2518813291557384,0.0,1.0,,,,,
stacking,5,3,66,16,,0.781111111111111,-0.7239558648015463,,,0.001,0.07864538209116724,10.0,1.1249958989234503,
confounds_only,5,3,66,16,100.0,0.5822222222222223,0.9999876124794295,,,,,,,1.0
structural,5,4,66,16,0.001,0.6672222222222223,-0.9955508267640006,1.0,,,,,,
functional,5,4,66,16,1.0,0.7461111111111111,-0.05811641401717725,,1.0,,,,,
early_fusion,5,4,66,16,1.0,0.7511111111111111,-0.0954234007258365,0.015121368881814564,0.9848786311181854,,,,,
equal_weight,5,4,66,16,1.0,0.7505555555555556,-0.09816172753637756,0.5,0.5,,,,,
mkl,5,4,66,16,1.0,0.765,-0.16781019559305282,0.2,0.8,,,,,
stacking,5,4,66,16,,0.7505555555555555,-0.5700086715837014,,,0.001,0.09037440402720892,1.0,1.0123295441391702,
confounds_only,5,4,66,16,10.0,0.4208333333333334,1.0001237374482588,,,,,,,1.0
structural,6,0,65,17,0.001,0.6744444444444445,0.9939147999287832,1.0,,,,,,
functional,6,0,65,17,10.0,0.7877777777777778,-0.31234640022528787,,1.0,,,,,
early_fusion,6,0,65,17,10.0,0.7927777777777778,-0.45454823685559936,0.015121368881814564,0.9848786311181854,,,,,
equal_weight,6,0,65,17,10.0,0.8266666666666665,-0.14025712377348679,0.5,0.5,,,,,
mkl,6,0,65,17,10.0,0.8266666666666665,-0.14025712377348679,0.5,0.5,,,,,
stacking,6,0,65,17,,0.7822222222222222,-0.3929411866568833,,,0.001,0.4696120094684636,10.0,1.108404981378876,
confounds_only,6,0,65,17,0.001,0.6105555555555556,0.991672275579413,,,,,,,1.0
structural,6,1,65,17,0.001,0.665,0.9951049261636236,1.0,,,,,,
functional,6,1,65,17,1.0,0.765,-0.2208754508591281,,1.0,,,,,
early_fusion,6,1,65,17,1.0,0.775,-0.2308021712060166,0.015121368881814564,0.9848786311181854,,,,,
equal_weight,6,1,65,17,0.001,0.765,0.9914771397642351,0.5,0.5,,,,,
mkl,6,1,65,17,0.001,0.775,0.992155424614993,0.4,0.6,,,,,
stacking,6,1,65,17,,0.7550000000000001,-0.20961024105962212,,,0.001,0.3448494354685888,1.0,0.8518308461758519,
confounds_only,6,1,65,17,100.0,0.48,1.0000783017819455,,,,,,,1.0
structural,6,2,66,16,0.001,0.7283333333333333,-0.9928411791117682,1.0,,,,,,
functional,6,2,66,16,1.0,0.6733333333333333,-0.4929974934891168,,1.0,,,,,
early_fusion,6,2,66,16,1.0,0.6733333333333333,-0.435878504914463,0.015121368881814564,0.9848786311181854,,,,,
equal_weight,6,2,66,16,1.0,0.7494444444444446,0.02644907229175078,0.5,0.5,,,,,
mkl,6,2,66,16,1.0,0.7494444444444446,0.02644907229175078,0.5,0.5,,,,,
stacking,6,2,66,16,,0.6866666666666666,-0.546836664660208,,,0.001,-0.1518322411456986,1.0,0.5280109412799441,
confounds_only,6,2,66,16,100.0,0.5605555555555556,1.0000998235367404,,,,,,,1.0
structural,6,3,66,16,0.1,0.6233333333333334,0.20418687536859276,1.0,,,,,,
functional,6,3,66,16,10.0,0.6194444444444445,0.22432458450279924,,1.0,,,,,
early_fusion,6,3,66,16,10.0,0.6294444444444445,0.13976674018282395,0.015121368881814564,0.9848786311181854,,,,,
equal_weight,6,3,66,16,1.0,0.595,0.3725024440606165,0.5,0.5,,,,,
mkl,6,3,66,16,0.001,0.6272222222222222,-0.9937767604061917,0.8,0.19999999999999996,,,,,
stacking,6,3,66,16,,0.6016666666666667,0.17568946358506354,,,0.1,0.4923452403311439,10.0,0.22595384580413932,
confounds_only,6,3,66,16,1.0,0.5677777777777777,-0.9996947024996347,,,,,,,1.0
structural,6,4,66,16,0.001,0.6938888888888889,-0.9933523984197856,1.0,,,,,,
functional,6,4,66,16,0.001,0.6716666666666666,-0.997118392448092,,1.0,,,,,
early_fusion,6,4,66,16,0.001,0.6716666666666666,-0.9971348875381238,0.015121368881814564,0.9848786311181854,,,,,
equal_weight,6,4,66,16,0.001,0.7005555555555556,-0.9965695994517676,0.5,0.5,,,,,
mkl,6,4,66,16,0.001,0.705,-0.9971691189763497,0.4,0.6,,,,,
stacking,6,4,66,16,,0.3338888888888889,436.95418785378126,,,0.001,-0.021607607634493632,0.001,-0.023341412854276492,
confounds_only,6,4,66,16,100.0,0.4638888888888889,0.11796297724136307,,,,,,,1.0
structural,7,0,65,17,0.1,0.6616666666666667,0.11702571790029215,1.0,,,,,,
functional,7,0,65,17,10.0,0.7222222222222222,-0.24290356459976364,,1.0,,,,,
early_fusion,7,0,65,17,10.0,0.7327777777777778,-0.20539987675448945,0.015121368881814564,0.9848786311181854,,,,,
equal_weight,7,0,65,17,0.001,0.7066666666666668,0.9924475513861711,0.5,0.5,,,,,
mkl,7,0,65,17,0.001,0.7533333333333335,0.9918583143391899,0.3,0.7,,,,,
stacking,7,0,65,17,,0.7633333333333334,-0.03201067069622898,,,0.1,0.45005328664835664,10.0,0.8361033833537768,
confounds_only,7,0,65,17,10.0,0.43611111111111106,0.9998884533340844,,,,,,,1.0
structural,7,1,65,17,0.001,0.7299999999999999,0.9916063505438567,1.0,,,,,,
functional,7,1,65,17,1.0,0.7649999999999999,-0.3600354470198833,,1.0,,,,,
early_fusion,7,1,65,17,1.0,0.7649999999999999,-0.3547308996801014,0.015121368881814564,0.9848786311181854,,,,,
equal_weight,7,1,65,17,1.0,0.7699999999999999,-0.10664316511217542,0.5,0.5,,,,,
mkl,7,1,65,17,1.0,0.79,-0.20260549972073408,0.3,0.7,,,,,
stacking,7,1,65,17,,0.8,-0.16697032961117342,,,0.001,0.5843162535332922,1.0,0.754601511745366,
confounds_only,7,1,65,17,0.001,0.465,0.9956387564642875,,,,,,,1.0
structural,7,2,66,16,0.001,0.7377777777777778,-0.9914025829644298,1.0,,,,,,
functional,7,2,66,16,1.0,0.7322222222222223,-0.11072482234321271,,1.0,,,,,
early_fusion,7,2,66,16,1.0,0.7516666666666667,-0.09354148717480615,0.015121368881814564,0.9848786311181854,,,,,
equal_weight,7,2,66,16,0.001,0.7572222222222221,-0.9929348464349721,0.5,0.5,,,,,
mkl,7,2,66,16,0.001,0.7827777777777778,-0.9935174413493518,0.4,0.6,,,,,
stacking,7,2,66,16,,0.7588888888888888,-0.12674263139531255,,,0.001,-0.06379967577290319,1.0,0.8830759033380781,
confounds_only,7,2,66,16,10.0,0.6316666666666666,-0.9998762125076658,,,,,,,1.0
structural,7,3,66,16,0.001,0.6677777777777778,-0.9928239145936116,1.0,,,,,,
functional,7,3,66,16,1.0,0.6922222222222223,0.10418080254971937,,1.0,,,,,
early_fusion,7,3,66,16,1.0,0.6922222222222223,-0.37328175707511807,0.015121368881814564,0.9848786311181854,,,,,
equal_weight,7,3,66,16,10.0,0.645,0.06934150647292639,0.5,0.5,,,,,
mkl,7,3,66,16,0.001,0.6944444444444444,-0.996138740687859,0.1,0.9,,,,,
stacking,7,3,66,16,,0.7055555555555556,-0.49155328673906523,,,0.001,-0.19459925899019845,1.0,0.6702901021197232,
confounds_only,7,3,66,16,100.0,0.638888888888889,0.19400271916382095,,,,,,,1.0
structural,7,4,66,16,10.0,0.6733333333333332,-0.7365265436665489,1.0,,,,,,
functional,7,4,66,16,0.001,0.7183333333333333,-0.9838735951499517,,1.0,,,,,
early_fusion,7,4,66,16,0.001,0.7183333333333333,-0.984124785182249,0.015121368881814564,0.9848786311181854,,,,,
equal_weight,7,4,66,16,10.0,0.7916666666666667,-0.1608829604486327,0.5,0.5,,,,,
mkl,7,4,66,16,10.0,0.7977777777777778,-0.17482654368414535,0.6,0.4,,,,,
stacking,7,4,66,16,,0.7088888888888889,-0.5781284650932834,,,10.0,0.750571738001581,0.001,-0.050430962941205575,
confounds_only,7,4,66,16,0.001,0.3988888888888889,-0.9932266057548542,,,,,,,1.0
structural,8,0,65,17,0.001,0.7766666666666666,0.9921744430192859,1.0,,,,,,
functional,8,0,65,17,1.0,0.76,-0.13089912928990724,,1.0,,,,,
early_fusion,8,0,65,17,10.0,0.7661111111111112,-0.1704490679856696,0.015121368881814564,0.9848786311181854,,,,,
equal_weight,8,0,65,17,0.001,0.7811111111111112,0.993824650023974,0.5,0.5,,,,,
mkl,8,0,65,17,10.0,0.7872222222222223,-0.3834758787969327,0.2,0.8,,,,,
stacking,8,0,65,17,,0.7716666666666667,0.05071394319428946,,,0.001,0.604166412055459,1.0,0.6683969051862172,
confounds_only,8,0,65,17,10.0,0.45499999999999996,0.9995983014339878,,,,,,,1.0
structural,8,1,65,17,0.001,0.6950000000000001,0.9920329605278219,1.0,,,,,,
functional,8,1,65,17,1.0,0.7450000000000001,-0.008267943604856776,,1.0,,,,,
early_fusion,8,1,65,17,1.0,0.7550000000000001,0.006526929594165759,0.015121368881814564,0.9848786311181854,,,,,
equal_weight,8,1,65,17,1.0,0.76,-0.2814478039621284,0.5,0.5,,,,,
mkl,8,1,65,17,1.0,0.7700000000000001,0.06236169475050091,0.1,0.9,,,,,
stacking,8,1,65,17,,0.73,-0.37722850934393337,,,0.001,0.19202385613119408,1.0,0.8514928415711523,
confounds_only,8,1,65,17,10.0,0.635,-0.9996571048042777,,,,,,,1.0
structural,8,2,66,16,0.001,0.7150000000000001,-0.9940793545893264,1.0,,,,,,
functional,8,2,66,16,10.0,0.6327777777777779,-0.2869692065202343,,1.0,,,,,
early_fusion,8,2,66,16,10.0,0.6466666666666667,-0.3124399440569343,0.015121368881814564,0.9848786311181854,,,,,
equal_weight,8,2,66,16,10.0,0.678888888888889,0.12097373787445848,0.5,0.5,,,,,
mkl,8,2,66,16,0.001,0.7150000000000001,-0.9940793545893264,1.0,0.0,,,,,
stacking,8,2,66,16,,0.6283333333333334,-0.3999606544023197,,,0.001,-0.19678195123788092,10.0,0.47658408133607244,
confounds_only,8,2,66,16,100.0,0.6447222222222223,0.9999825731362961,,,,,,,1.0
structural,8,3,66,16,0.001,0.6777777777777778,-0.9907962290139446,1.0,,,,,,
functional,8,3,66,16,1.0,0.7949999999999999,-0.46931043265944505,,1.0,,,,,
early_fusion,8,3,66,16,1.0,0.795,-0.4344122199273538,0.015121368881814564,0.9848786311181854,,,,,
equal_weight,8,3,66,16,1.0,0.8133333333333332,-0.4666716207083461,0.5,0.5,,,,,
mkl,8,3,66,16,1.0,0.8222222222222222,-0.40211301691234325,0.4,0.6,,,,,
stacking,8,3,66,16,,0.7816666666666666,-0.7165043799829706,,,0.001,-0.0951052923520005,1.0,1.0908354616626683,
confounds_only,8,3,66,16,100.0,0.5961111111111111,0.4604273357352059,,,,,,,1.0
structural,8,4,66,16,0.001,0.7133333333333334,-0.9943651301371262,1.0,,,,,,
functional,8,4,66,16,1.0,0.6877777777777778,0.26725636754119664,,1.0,,,,,
early_fusion,8,4,66,16,1.0,0.7033333333333334,0.30858029269142756,0.015121368881814564,0.9848786311181854,,,,,
equal_weight,8,4,66,16,0.001,0.7222222222222222,-0.9969395117388045,0.5,0.5,,,,,
mkl,8,4,66,16,0.001,0.7238888888888889,-0.9954051633554782,0.8,0.19999999999999996,,,,,
stacking,8,4,66,16,,0.6877777777777778,-0.7447418015657549,,,0.001,-0.23320208333008777,1.0,0.8018160693504311,
confounds_only,8,4,66,16,10.0,0.5722222222222222,0.7527526889777769,,,,,,,1.0
structural,9,0,65,17,0.001,0.7222222222222222,0.9891182214714315,1.0,,,,,,
functional,9,0,65,17,1.0,0.7416666666666667,0.38588933314376733,,1.0,,,,,
early_fusion,9,0,65,17,1.0,0.7566666666666667,0.36045170380091895,0.015121368881814564,0.9848786311181854,,,,,
equal_weight,9,0,65,17,0.001,0.7766666666666666,0.991958077164709,0.5,0.5,,,,,
mkl,9,0,65,17,0.001,0.7766666666666666,0.991958077164709,0.5,0.5,,,,,
stacking,9,0,65,17,,0.7577777777777779,-0.691757400774075,,,0.001,0.3399496362316454,1.0,0.8002896166994931,
confounds_only,9,0,65,17,1.0,0.35388888888888886,-1.641503165379481,,,,,,,1.0
structural,9,1,65,17,0.001,0.685,0.9960795116427321,1.0,,,,,,
functional,9,1,65,17,10.0,0.655,-0.3996788912308853,,1.0,,,,,
early_fusion,9,1,65,17,10.0,0.6599999999999999,-0.43289062854969074,0.015121368881814564,0.9848786311181854,,,,,
equal_weight,9,1,65,17,1.0,0.675,-0.3936982400538672,0.5,0.5,,,,,
mkl,9,1,65,17,1.0,0.6900000000000001,-0.5365608401380224,0.2,0.8,,,,,
stacking,9,1,65,17,,0.715,-1.0007651443927321,,,0.001,0.5284333896568794,10.0,0.47044797248256304,
confounds_only,9,1,65,17,10.0,0.5149999999999999,1.0000185569626403,,,,,,,1.0
structural,9,2,66,16,0.1,0.6655555555555556,0.1491221684839033,1.0,,,,,,
functional,9,2,66,16,1.0,0.6799999999999999,-0.1448748706048209,,1.0,,,,,
early_fusion,9,2,66,16,1.0,0.68,-0.1650458031346055,0.015121368881814564,0.9848786311181854,,,,,
equal_weight,9,2,66,16,1.0,0.6944444444444444,-0.11694665224759576,0.5,0.5,,,,,
mkl,9,2,66,16,1.0,0.7111111111111112,-0.20033684208234048,0.2,0.8,,,,,
stacking,9,2,66,16,,0.6866666666666665,-0.2512547049385897,,,0.1,0.3664852627577916,1.0,0.5054898283888152,
confounds_only,9,2,66,16,0.1,0.6477777777777778,-0.5533244932016385,,,,,,,1.0
structural,9,3,66,16,10.0,0.6977777777777778,0.4034849750712276,1.0,,,,,,
functional,9,3,66,16,10.0,0.7755555555555556,-0.2067365203851458,,1.0,,,,,
early_fusion,9,3,66,16,1.0,0.7661111111111112,-0.26091084420702565,0.015121368881814564,0.9848786311181854,,,,,
equal_weight,9,3,66,16,10.0,0.7894444444444446,-0.11972923271010891,0.5,0.5,,,,,
mkl,9,3,66,16,10.0,0.7999999999999999,-0.12767171569349434,0.2,0.8,,,,,
stacking,9,3,66,16,,0.82,-0.5211542342453932,,,10.0,0.8496045706538082,10.0,1.1382093060205218,
confounds_only,9,3,66,16,1.0,0.6561111111111112,0.9999478970427647,,,,,,,1.0
structural,9,4,66,16,0.1,0.6683333333333333,0.2552327805674031,1.0,,,,,,
functional,9,4,66,16,10.0,0.7272222222222222,0.18806119607159866,,1.0,,,,,
early_fusion,9,4,66,16,10.0,0.7283333333333333,0.10069743647335466,0.015121368881814564,0.9848786311181854,,,,,
equal_weight,9,4,66,16,10.0,0.735,-0.6894137952198617,0.5,0.5,,,,,
mkl,9,4,66,16,10.0,0.7733333333333332,-0.1625078328067096,0.4,0.6,,,,,
stacking,9,4,66,16,,0.7455555555555555,-0.25277898918241276,,,0.1,0.46959667600104776,10.0,0.7175006372644707,
confounds_only,9,4,66,16,100.0,0.57,0.04060841729236496,,,,,,,1.0
