model,repeat,fold,n_train,n_test,C,inner_auc,threshold,beta_functional,beta_confounds
functional,0,0,65,17,1.0,0.7422222222222221,-0.31154984178018996,1.0,
confounds_only,0,0,65,17,0.1,0.663888888888889,0.3548734625868482,,1.0
functional,0,1,65,17,1.0,0.7849999999999999,-0.1508622362300835,1.0,
confounds_only,0,1,65,17,10.0,0.485,0.9980491474428752,,1.0
functional,0,2,66,16,1.0,0.8283333333333334,0.016921227625234625,1.0,
confounds_only,0,2,66,16,0.1,0.5822222222222222,0.5491879369785272,,1.0
functional,0,3,66,16,10.0,0.6855555555555555,-0.37144597838536997,1.0,
confounds_only,0,3,66,16,10.0,0.6094444444444445,0.17963151862479967,,1.0
functional,0,4,66,16,1.0,0.6888888888888889,0.0607658596143342,1.0,
confounds_only,0,4,66,16,0.001,0.23333333333333334,-1.000780034043959,,1.0
functional,1,0,65,17,10.0,0.8027777777777777,-0.1291281357911711,1.0,
confounds_only,1,0,65,17,10.0,0.5922222222222222,-0.9999699932051513,,1.0
functional,1,1,65,17,10.0,0.76,-0.3070486466203489,1.0,
confounds_only,1,1,65,17,1.0,0.5450000000000002,1.0000796009513317,,1.0
functional,1,2,66,16,1.0,0.7322222222222223,-0.2920952848990565,1.0,
confounds_only,1,2,66,16,100.0,0.6777777777777778,0.9994834588505248,,1.0
functional,1,3,66,16,0.001,0.6861111111111111,-0.9885111257253081,1.0,
confounds_only,1,3,66,16,0.001,0.4422222222222222,-0.9952473636119749,,1.0
functional,1,4,66,16,10.0,0.73,-0.04986702981625901,1.0,
confounds_only,1,4,66,16,10.0,0.6511111111111111,0.6774843351993229,,1.0
functional,2,0,65,17,1.0,0.7816666666666667,-0.1326435305848219,1.0,
confounds_only,2,0,65,17,0.001,0.48111111111111116,0.9921010192962745,,1.0
functional,2,1,65,17,10.0,0.8049999999999999,-0.18496530129611974,1.0,
confounds_only,2,1,65,17,0.001,0.5900000000000001,0.9912756469331214,,1.0
functional,2,2,66,16,0.001,0.635,-0.9961627395622424,1.0,
confounds_only,2,2,66,16,10.0,0.5916666666666668,0.9999349242680412,,1.0
functional,2,3,66,16,0.001,0.653888888888889,-0.9909698292183311,1.0,
confounds_only,2,3,66,16,10.0,0.4822222222222223,0.029660931217950937,,1.0
functional,2,4,66,16,10.0,0.7438888888888889,-0.04293052993337193,1.0,
confounds_only,2,4,66,16,10.0,0.6205555555555556,0.9998610213283481,,1.0
functional,3,0,65,17,10.0,0.8327777777777776,-0.37979436459723875,1.0,
confounds_only,3,0,65,17,100.0,0.6300000000000001,0.9988315399071235,,1.0
functional,3,1,65,17,1.0,0.76,0.06439129683379452,1.0,
confounds_only,3,1,65,17,1.0,0.49499999999999994,0.9998865589749535,,1.0
functional,3,2,66,16,10.0,0.7449999999999999,-0.08778300270290779,1.0,
confounds_only,3,2,66,16,10.0,0.5488888888888889,0.2104075344683998,,1.0
functional,3,3,66,16,1.0,0.7516666666666667,-0.4556159744815728,1.0,
confounds_only,3,3,66,16,0.001,0.5105555555555557,-0.9893757369265548,,1.0
functional,3,4,66,16,0.001,0.6672222222222223,-0.991857067959027,1.0,
confounds_only,3,4,66,16,10.0,0.5244444444444445,1.000042203613105,,1.0
functional,4,0,65,17,1.0,0.6772222222222222,-0.33221085083617136,1.0,
confounds_only,4,0,65,17,1.0,0.5794444444444444,1.000064384995087,,1.0
functional,4,1,65,17,10.0,0.775,0.06736139193173074,1.0,
confounds_only,4,1,65,17,1.0,0.425,1.000016805875097,,1.0
functional,4,2,66,16,1.0,0.7005555555555556,-0.1497711541833698,1.0,
confounds_only,4,2,66,16,100.0,0.5511111111111111,1.0001290230072954,,1.0
functional,4,3,66,16,1.0,0.7294444444444445,0.06550335965636878,1.0,
confounds_only,4,3,66,16,100.0,0.5700000000000001,-0.9998204857908263,,1.0
functional,4,4,66,16,10.0,0.8150000000000001,0.0026166270543869774,1.0,
confounds_only,4,4,66,16,1.0,0.6644444444444444,-0.9998193808797307,,1.0
functional,5,0,65,17,1.0,0.7266666666666668,0.3891835413237538,1.0,
confounds_only,5,0,65,17,100.0,0.5122222222222221,0.9980443712789784,,1.0
functional,5,1,65,17,1.0,0.725,-0.1538706345625074,1.0,
confounds_only,5,1,65,17,1.0,0.53,0.9989096785375682,,1.0
functional,5,2,66,16,10.0,0.7416666666666667,-0.037255634579543784,1.0,
confounds_only,5,2,66,16,10.0,0.525,-0.205762911850113,,1.0
functional,5,3,66,16,10.0,0.7944444444444445,-0.2518813291557384,1.0,
confounds_only,5,3,66,16,100.0,0.5822222222222223,0.9999876124794295,,1.0
functional,5,4,66,16,1.0,0.7461111111111111,-0.05811641401717725,1.0,
confounds_only,5,4,66,16,10.0,0.4208333333333334,1.0001237374482588,,1.0
functional,6,0,65,17,10.0,0.7877777777777778,-0.31234640022528787,1.0,
confounds_only,6,0,65,17,0.001,0.6105555555555556,0.991672275579413,,1.0
functional,6,1,65,17,1.0,0.765,-0.2208754508591281,1.0,
confounds_only,6,1,65,17,100.0,0.48,1.0000783017819455,,1.0
functional,6,2,66,16,1.0,0.6733333333333333,-0.4929974934891168,1.0,
confounds_only,6,2,66,16,100.0,0.5605555555555556,1.0000998235367404,,1.0
functional,6,3,66,16,10.0,0.6194444444444445,0.22432458450279924,1.0,
confounds_only,6,3,66,16,1.0,0.5677777777777777,-0.9996947024996347,,1.0
functional,6,4,66,16,0.001,0.6716666666666666,-0.997118392448092,1.0,
confounds_only,6,4,66,16,100.0,0.4638888888888889,0.11796297724136307,,1.0
functional,7,0,65,17,10.0,0.7222222222222222,-0.24290356459976364,1.0,
confounds_only,7,0,65,17,10.0,0.43611111111111106,0.9998884533340844,,1.0
functional,7,1,65,17,1.0,0.7649999999999999,-0.3600354470198833,1.0,
confounds_only,7,1,65,17,0.001,0.465,0.9956387564642875,,1.0
functional,7,2,66,16,1.0,0.7322222222222223,-0.11072482234321271,1.0,
confounds_only,7,2,66,16,10.0,0.6316666666666666,-0.9998762125076658,,1.0
functional,7,3,66,16,1.0,0.6922222222222223,0.10418080254971937,1.0,
confounds_only,7,3,66,16,100.0,0.638888888888889,0.19400271916382095,,1.0
functional,7,4,66,16,0.001,0.7183333333333333,-0.9838735951499517,1.0,
confounds_only,7,4,66,16,0.001,0.3988888888888889,-0.9932266057548542,,1.0
functional,8,0,65,17,1.0,0.76,-0.13089912928990724,1.0,
confounds_only,8,0,65,17,10.0,0.45499999999999996,0.9995983014339878,,1.0
functional,8,1,65,17,1.0,0.7450000000000001,-0.008267943604856776,1.0,
confounds_only,8,1,65,17,10.0,0.635,-0.9996571048042777,,1.0
functional,8,2,66,16,10.0,0.6327777777777779,-0.2869692065202343,1.0,
confounds_only,8,2,66,16,100.0,0.6447222222222223,0.9999825731362961,,1.0
functional,8,3,66,16,1.0,0.7949999999999999,-0.46931043265944505,1.0,
confounds_only,8,3,66,16,100.0,0.5961111111111111,0.4604273357352059,,1.0
functional,8,4,66,16,1.0,0.6877777777777778,0.26725636754119664,1.0,
confounds_only,8,4,66,16,10.0,0.5722222222222222,0.7527526889777769,,1.0
functional,9,0,65,17,1.0,0.7416666666666667,0.38588933314376733,1.0,
confounds_only,9,0,65,17,1.0,0.35388888888888886,-1.641503165379481,,1.0
functional,9,1,65,17,10.0,0.655,-0.3996788912308853,1.0,
confounds_only,9,1,65,17,10.0,0.5149999999999999,1.0000185569626403,,1.0
functional,9,2,66,16,1.0,0.6799999999999999,-0.1448748706048209,1.0,
confounds_only,9,2,66,16,0.1,0.6477777777777778,-0.5533244932016385,,1.0
functional,9,3,66,16,10.0,0.7755555555555556,-0.2067365203851458,1.0,
confounds_only,9,3,66,16,1.0,0.6561111111111112,0.9999478970427647,,1.0
functional,9,4,66,16,10.0,0.7272222222222222,0.18806119607159866,1.0,
confounds_only,9,4,66,16,100.0,0.57,0.04060841729236496,,1.0
